-6194,G@NH@,TRUE,5/1/1980
-1921,15FZ<,FALSE,9/1/1980
-715,BO0S=,FALSE,19/1/1980
-4202,CF8ER,FALSE,22/1/1980
-1035,>/WK=,TRUE,3/2/1980
-2959,9L7SP,TRUE,6/2/1980
-5389,/XTP4,FALSE,9/2/1980
-3940,:--0O,FALSE,9/2/1980
-5130,0NOLD,TRUE,11/2/1980
-2748,7.X3Z,FALSE,15/2/1980
-9004,?W4BU,TRUE,17/2/1980
-8707,>4H<<,TRUE,22/2/1980
-2466,I9CV:,FALSE,3/3/1980
-9109,8.P?9,TRUE,8/3/1980
-4278,A3ZIU,FALSE,9/3/1980
-3146,QICMR,FALSE,10/3/1980
-9613,4RV5W,TRUE,12/3/1980
-4062,A8DG/,TRUE,12/3/1980
-1378,WTH6;,TRUE,14/3/1980
-2644,QZTKF,FALSE,18/3/1980
-4094,BM96M,FALSE,21/3/1980
-8745,@CAYB,TRUE,20/4/1980
-7517,U-YND,FALSE,23/4/1980
-102,J@I@4,FALSE,25/4/1980
-5610,A9=9Y,FALSE,26/4/1980
-4587,89-6B,TRUE,1/5/1980
-562,V;Y4T,TRUE,7/5/1980
-9822,KHDC-,TRUE,8/5/1980
-5161,E:E<;,FALSE,22/5/1980
-226,XA<PI,FALSE,25/5/1980
-1693,Z;4O;,TRUE,2/6/1980
-7769,4ZLR8,TRUE,8/6/1980
-5773,;L38K,TRUE,8/6/1980
-9755,LB.P3,TRUE,9/6/1980
-552,W;4.5,FALSE,9/6/1980
-3821,H/D;R,FALSE,15/6/1980
-6821,/FJP2,FALSE,21/6/1980
-5054,1J8--,FALSE,23/6/1980
-113,CLIP9,TRUE,24/6/1980
-9879,VHPN<,TRUE,3/7/1980
-2050,AD458,FALSE,6/7/1980
-992,ZKP9F,FALSE,6/7/1980
-1419,S83AF,FALSE,10/7/1980
-9924,KTJ:/,FALSE,12/7/1980
-6084,B;5EG,FALSE,5/8/1980
-6716,ZUJW4,FALSE,10/8/1980
-8218,T@:U;,TRUE,19/8/1980
-4996,5P=8X,TRUE,27/8/1980
-9465,O;V1F,TRUE,14/9/1980
-6507,P06:-,TRUE,20/9/1980
-4819,23VJQ,FALSE,21/9/1980
-925,LN=8>,TRUE,21/9/1980
-4267,.=D@9,FALSE,22/9/1980
-4471,8VTEQ,TRUE,22/9/1980
-4950,/ZPP6,FALSE,26/9/1980
-9239,A-EX:,TRUE,12/10/1980
-2300,S1C/U,TRUE,23/10/1980
-8272,X5F37,FALSE,23/10/1980
-6801,0AT7O,FALSE,24/10/1980
-7539,ILUUO,TRUE,28/10/1980
-2603,0WTP=,FALSE,17/11/1980
276,E83-I,TRUE,8/12/1980
-5350,X-IAL,TRUE,10/12/1980
-56,-D-IY,TRUE,14/12/1980
-6955,826F?,FALSE,16/12/1980
-3778,O5<9Q,TRUE,18/12/1980
-3696,R5.M3,TRUE,21/12/1980
-5137,69//G,TRUE,22/12/1980
-6671,A;?HG,FALSE,26/12/1980
-8722,7>DYU,TRUE,2/1/1981
-1346,92NWV,FALSE,2/1/1981
-5304,@BBZ2,TRUE,5/1/1981
-864,DC2U<,FALSE,13/2/1981
-6773,TT5ZS,FALSE,18/2/1981
-6107,P75R5,TRUE,25/2/1981
-117,@IRK@,TRUE,27/2/1981
-7689,SVVE0,TRUE,28/2/1981
-7527,74R6O,FALSE,1/3/1981
-7007,:3G;R,FALSE,13/3/1981
-4504,GWDSR,TRUE,13/3/1981
-2312,:.TFK,TRUE,7/4/1981
-2333,BX2Z/,FALSE,9/4/1981
-4917,N8S74,TRUE,9/4/1981
-6658,P@EGO,TRUE,11/4/1981
-3676,=L@C2,TRUE,20/4/1981
-279,BA-YM,TRUE,22/4/1981
-4604,/-W?Q,TRUE,4/5/1981
-8297,;3Q3:,TRUE,6/5/1981
-1843,=X;ME,FALSE,14/5/1981
-2878,GLE1@,TRUE,20/5/1981
-9641,W:L79,TRUE,23/5/1981
-2481,9N02A,FALSE,20/6/1981
-2746,??0;;,TRUE,3/7/1981
-2524,DRG?-,TRUE,3/7/1981
-8400,L-5SM,FALSE,11/7/1981
-9538,M1SV-,FALSE,21/7/1981
-7661,>=O1Q,FALSE,27/7/1981
-8327,/@L4R,FALSE,3/8/1981
-9164,2UAID,TRUE,11/8/1981
-5245,<EI@4,FALSE,18/8/1981
-5563,-66G;,FALSE,20/8/1981
-64,N73JZ,FALSE,21/8/1981
-5136,;AK65,TRUE,27/8/1981
-1769,=N>WN,TRUE,6/9/1981
-5978,Y>PJK,TRUE,9/9/1981
-3700,RD2Z<,TRUE,22/9/1981
-3133,C4TNY,TRUE,23/9/1981
-5417,QWXV5,TRUE,23/9/1981
-6424,9Z?Y.,FALSE,24/9/1981
-1373,VN682,FALSE,24/9/1981
-6010,JTJ3L,TRUE,28/9/1981
-3281,16MM5,FALSE,3/10/1981
-3551,/6OD>,FALSE,16/10/1981
-731,4?CNK,TRUE,27/10/1981
-8709,W6R4O,TRUE,27/10/1981
-8118,;6RYM,FALSE,3/11/1981
-8886,7PU-N,FALSE,4/11/1981
-4917,OZ@67,FALSE,8/11/1981
-1152,W:>D/,TRUE,11/11/1981
-4545,BS:XS,FALSE,18/11/1981
-499,KG87V,TRUE,24/11/1981
-8494,Q6/KR,TRUE,6/12/1981
-966,P=692,TRUE,7/12/1981
-2989,OYL<E,TRUE,13/12/1981
-4656,87ZN4,FALSE,17/12/1981
-4819,9:IJC,FALSE,18/12/1981
-1285,0<G10,TRUE,4/1/1982
-4371,D1PTY,TRUE,16/1/1982
-8641,MCPLA,TRUE,23/1/1982
-8174,LZ:?J,TRUE,24/1/1982
-2583,7ONR.,TRUE,25/1/1982
-8518,9.P6C,FALSE,28/1/1982
-5663,UDYL;,FALSE,5/2/1982
-5402,2BL8T,FALSE,15/2/1982
-1227,61YV0,TRUE,22/2/1982
-1140,@HEZ2,FALSE,22/2/1982
-5489,@=/</,FALSE,24/2/1982
-8895,DS;VA,TRUE,1/3/1982
-1106,<@6IW,TRUE,3/3/1982
-9733,1E-J3,FALSE,12/3/1982
-300,O5L-8,TRUE,24/3/1982
-8870,=:BEB,TRUE,4/4/1982
-2739,6=AQV,FALSE,13/4/1982
-8606,/2Q49,FALSE,15/4/1982
-4097,Z..3J,FALSE,18/4/1982
-4207,XGT-O,FALSE,23/4/1982
-7696,XUHFO,TRUE,23/4/1982
-9763,9GHOI,TRUE,1/5/1982
-2137,O/NT0,TRUE,5/5/1982
246,-3<=L,TRUE,6/5/1982
-4246,<2956,TRUE,10/5/1982
-6537,O1U:8,FALSE,18/6/1982
-7490,6S8?1,TRUE,19/6/1982
-4898,<@@LW,TRUE,28/6/1982
-5656,8G.6X,TRUE,6/7/1982
-3267,T/1ZK,FALSE,11/7/1982
-2357,7DT/L,TRUE,17/7/1982
-4625,Y;Q@3,FALSE,23/7/1982
-6735,0K0TG,FALSE,9/8/1982
-535,QE83I,FALSE,12/8/1982
-3109,ZA2OR,FALSE,14/8/1982
-6977,U<S<=,TRUE,15/8/1982
-6074,61CZN,TRUE,22/8/1982
-2909,QJC7C,FALSE,24/8/1982
-4619,87HD.,FALSE,10/9/1982
-3477,U8V33,TRUE,12/9/1982
-2522,1DOB<,FALSE,14/9/1982
-3410,3IMM:,FALSE,16/9/1982
-3923,PB06R,FALSE,27/9/1982
-2849,<<:2L,TRUE,10/10/1982
-4948,H7NNU,TRUE,15/10/1982
-5837,R90UK,TRUE,19/10/1982
-4305,2OOOH,TRUE,21/10/1982
-801,0BAGS,FALSE,23/10/1982
-7375,?9FW.,TRUE,23/10/1982
-4481,@3.W5,TRUE,1/11/1982
-969,BZ=XD,TRUE,1/11/1982
-4227,T/P0C,FALSE,6/11/1982
-6987,YDQ3J,TRUE,8/11/1982
-5837,09:PR,TRUE,14/11/1982
-5858,V98<E,FALSE,19/11/1982
-7329,2UM:X,TRUE,20/11/1982
-874,C0@K9,TRUE,22/11/1982
-4606,K.B;8,FALSE,24/11/1982
-1758,XQJ1;,FALSE,13/12/1982
-6159,G?KOA,TRUE,19/12/1982
-4066,I-MG0,FALSE,27/12/1982
-1375,9:;UI,FALSE,5/1/1983
-2809,8WMV1,TRUE,13/1/1983
-4194,SR3VZ,TRUE,13/1/1983
-8362,CAUFR,FALSE,16/1/1983
-3117,/I=XR,FALSE,18/1/1983
-5698,8:WSR,FALSE,18/1/1983
-7860,4JJ5=,TRUE,23/1/1983
-1928,L5AXA,FALSE,24/1/1983
-2710,UM=;X,FALSE,24/1/1983
-1148,VGXN9,TRUE,3/2/1983
-2639,E8P32,TRUE,12/2/1983
-5892,ADONZ,TRUE,15/2/1983
-9021,6ES1Z,TRUE,8/3/1983
-4372,OSI2S,FALSE,15/3/1983
-4656,?E=:?,TRUE,16/3/1983
-3004,W0T0D,TRUE,3/4/1983
-9717,-GW?1,FALSE,4/4/1983
-8274,0-WXA,TRUE,8/4/1983
-242,?.5JY,TRUE,3/5/1983
-2419,-5T:I,TRUE,12/5/1983
-5627,0-<E>,TRUE,12/5/1983
-828,7CJ/Y,FALSE,12/5/1983
-6990,B<6QV,FALSE,17/5/1983
-9483,3KIDS,FALSE,18/5/1983
-3670,ZEPL<,TRUE,25/5/1983
-6995,KPKKF,TRUE,1/6/1983
-6703,GJI42,TRUE,6/6/1983
-6434,UZM;3,TRUE,13/6/1983
-6864,4LJO4,FALSE,15/6/1983
-4763,HJQ2>,TRUE,25/6/1983
-5475,B1JA7,TRUE,26/6/1983
-1629,?JM39,TRUE,1/7/1983
-6849,62WLW,TRUE,3/7/1983
-8949,=IXOZ,TRUE,12/7/1983
-1829,J.E=B,TRUE,23/7/1983
-1920,7XIU.,FALSE,3/8/1983
-4639,;:ZT6,FALSE,7/8/1983
-9748,O8BPO,FALSE,13/8/1983
-3531,AT58B,FALSE,21/8/1983
-7594,?7N/X,FALSE,26/8/1983
-1163,UWX59,FALSE,2/9/1983
-7010,IQ>6B,FALSE,6/9/1983
-2673,U@8BN,FALSE,20/9/1983
-6260,B79P8,TRUE,12/10/1983
-8822,Q.HHX,FALSE,12/10/1983
-6816,CAO4H,TRUE,17/10/1983
-820,5C.Q@,TRUE,20/10/1983
-1166,T.44O,TRUE,4/11/1983
-3179,T<0AJ,TRUE,4/11/1983
-8091,-G4=J,TRUE,8/11/1983
-1389,EK18P,FALSE,22/11/1983
-7672,WCAC0,FALSE,14/12/1983
-2668,1ZDLJ,TRUE,28/12/1983
-7272,JLHU>,FALSE,28/12/1983
-5936,<:-:0,TRUE,14/1/1984
-1699,-7JVN,FALSE,18/1/1984
-2626,:87KP,TRUE,20/1/1984
-5074,QRSD4,TRUE,26/1/1984
-1334,P@G/Y,TRUE,27/1/1984
-4670,8?YGV,FALSE,28/1/1984
-5919,A/S<4,TRUE,5/2/1984
-6486,2NBFV,TRUE,23/2/1984
-7495,P?9I1,FALSE,4/3/1984
-1422,YEPQT,FALSE,6/3/1984
-4011,CPX./,FALSE,7/3/1984
-69,L37-X,FALSE,9/3/1984
-2381,/E>3C,FALSE,28/3/1984
-5976,JP:/>,FALSE,15/4/1984
-5802,?S6UL,FALSE,16/4/1984
-1329,7G4W6,FALSE,22/4/1984
-3019,R8S3T,FALSE,28/4/1984
-6433,T6DSI,TRUE,20/5/1984
-3245,SXD03,FALSE,20/5/1984
-5590,;LQ.L,FALSE,4/6/1984
-6573,4TSV7,TRUE,7/6/1984
-9531,LRAYC,FALSE,8/6/1984
-5787,UR7T0,FALSE,8/6/1984
-4839,OXE1M,FALSE,9/6/1984
-3713,5?621,TRUE,24/6/1984
-9981,W:JAG,TRUE,25/6/1984
-339,@8-PM,TRUE,5/7/1984
-503,/9A9N,FALSE,6/7/1984
-3453,1=NM/,FALSE,9/7/1984
-8859,89FW@,FALSE,11/7/1984
-3322,XO:KR,FALSE,19/7/1984
-7022,;VIM.,FALSE,27/7/1984
-3259,BM<82,FALSE,3/8/1984
-1345,6RPR5,TRUE,6/8/1984
-8230,EOKK<,TRUE,13/8/1984
-8750,.UADN,TRUE,17/8/1984
-3860,5>PCJ,FALSE,21/8/1984
-3441,YV.7L,TRUE,27/8/1984
-9801,72I.>,TRUE,1/9/1984
-3180,D.8N3,FALSE,12/9/1984
-1500,=..4.,FALSE,2/10/1984
-4687,/L94S,FALSE,9/10/1984
-160,F7/T5,TRUE,11/10/1984
-8720,R?4;?,FALSE,13/10/1984
-9047,OW0CX,TRUE,15/10/1984
-7293,1JQ=L,TRUE,2/11/1984
-8195,D>MZY,FALSE,6/11/1984
-1276,W9=XA,TRUE,24/12/1984
-8725,E=CX@,TRUE,26/12/1984
-1415,U</Y.,TRUE,10/1/1985
-3320,2WN/:,FALSE,11/1/1985
-4527,4IWMA,FALSE,15/1/1985
-7602,-N0US,TRUE,25/1/1985
-7182,FQ-3?,FALSE,4/2/1985
-4231,K//-8,FALSE,13/2/1985
-6078,OB28H,TRUE,17/2/1985
-9115,>7XEK,FALSE,21/2/1985
-1527,?F@KZ,TRUE,22/2/1985
-619,3FR54,TRUE,2/3/1985
-2485,T=@ZR,TRUE,21/3/1985
-5127,;-BR;,TRUE,26/3/1985
-8281,XXKFF,FALSE,1/4/1985
-1542,@P>TM,FALSE,3/4/1985
-5483,9M3.G,FALSE,8/4/1985
-836,7DP4:,TRUE,9/4/1985
-8520,-6>5X,TRUE,13/4/1985
-9765,@W=3S,TRUE,13/4/1985
-5957,0-8UW,FALSE,17/4/1985
-6233,<ADO.,TRUE,19/4/1985
-2881,7PPP:,TRUE,20/4/1985
-3389,:6MEV,FALSE,20/4/1985
-6283,@:4@.,TRUE,25/4/1985
-823,3;ZKR,TRUE,11/5/1985
-2721,1/AU<,FALSE,1/6/1985
-3473,96WBG,TRUE,1/6/1985
-3518,:EXMU,FALSE,6/6/1985
-1310,IAFU>,FALSE,8/6/1985
-5753,.YYWW,TRUE,18/6/1985
-1360,M>5H<,TRUE,18/6/1985
-3931,8-WMN,FALSE,23/6/1985
-9492,>8MOD,TRUE,23/6/1985
-4750,E/>@4,TRUE,7/7/1985
-5159,44?V8,FALSE,16/7/1985
-7277,<ZSNO,FALSE,21/7/1985
-5292,70XYT,FALSE,24/7/1985
-199,P>-ZX,TRUE,25/7/1985
-2952,XGTUH,TRUE,1/8/1985
-3653,AA@PB,FALSE,7/8/1985
-5320,13>5U,FALSE,3/9/1985
-6583,A85;O,TRUE,4/9/1985
-917,U34?T,TRUE,6/9/1985
-3336,=>@>2,TRUE,18/9/1985
-3131,R@T?X,FALSE,24/9/1985
-3420,<.7-T,TRUE,27/9/1985
-3722,SN4>V,TRUE,27/9/1985
-3006,06ZX/,TRUE,1/10/1985
-7060,ET46M,FALSE,6/10/1985
-1813,IW>=8,FALSE,8/10/1985
-7952,5SGOG,FALSE,11/10/1985
-2399,U-EM4,FALSE,14/10/1985
-7077,=:TAG,FALSE,19/10/1985
-7538,BXK@G,FALSE,19/10/1985
-6171,.XBXA,FALSE,5/11/1985
-3037,C;-US,FALSE,7/11/1985
-107,YC;I3,TRUE,10/11/1985
-8779,T6D91,TRUE,17/11/1985
-9631,TTSJ.,TRUE,18/11/1985
-3431,E6R4C,FALSE,20/11/1985
-164,0?WU?,FALSE,26/11/1985
-6515,<03J:,TRUE,26/11/1985
-6636,=VEP.,FALSE,5/12/1985
-8397,6/H73,FALSE,15/12/1985
-4863,N31.N,TRUE,19/12/1985
-1596,JNCH1,FALSE,20/12/1985
-7920,1TIYM,FALSE,23/12/1985
-2647,HGXB-,FALSE,9/1/1986
-6729,MZRT<,TRUE,17/1/1986
-6487,>T5=5,TRUE,19/1/1986
-5484,L>3QV,TRUE,21/1/1986
-4746,T178T,TRUE,24/1/1986
-3694,QXAT.,FALSE,25/1/1986
-617,-.@UX,TRUE,3/2/1986
-9199,ATXSZ,TRUE,13/2/1986
-5531,98TWN,FALSE,8/3/1986
-9263,.Y;?1,TRUE,11/3/1986
-282,5CJ5>,TRUE,11/3/1986
-4091,80M5K,FALSE,13/3/1986
-9752,C5@:J,TRUE,13/3/1986
-2924,>=W>=,FALSE,18/3/1986
-274,L@W?>,TRUE,19/3/1986
-1250,AQZSM,TRUE,1/4/1986
-8080,9VWI-,FALSE,2/4/1986
-1886,ZKJHS,TRUE,15/4/1986
-5601,4;LDD,TRUE,22/4/1986
-9513,U6Q4B,TRUE,23/4/1986
-2446,X4HT-,FALSE,26/4/1986
-665,R7K?Z,FALSE,27/4/1986
-3842,STPIR,FALSE,5/5/1986
-9103,<.?D4,TRUE,6/5/1986
-2056,16KK3,TRUE,7/5/1986
-9619,-3XBN,TRUE,8/5/1986
-6670,XH:-8,TRUE,11/5/1986
-8490,3?-@E,TRUE,22/5/1986
-2301,6D/@2,TRUE,22/5/1986
-191,:H<O@,TRUE,1/6/1986
-4222,XOS0B,TRUE,8/6/1986
-2959,C<3PU,FALSE,18/6/1986
-9887,PKA<A,FALSE,19/6/1986
-2469,-O;VY,FALSE,7/7/1986
-6762,T;:OD,TRUE,13/7/1986
-3046,F>I5<,FALSE,14/7/1986
-9926,9BS?H,FALSE,24/7/1986
-8183,>A1ZM,FALSE,6/8/1986
-7521,E;5@O,TRUE,10/8/1986
-7131,VL;TH,TRUE,10/8/1986
-3544,.NQSP,FALSE,11/8/1986
-7701,G>B1X,TRUE,21/8/1986
-8895,;.JIM,FALSE,22/8/1986
-1199,IHI7T,TRUE,22/8/1986
-8849,QX7H6,TRUE,22/8/1986
-5606,7E<=S,TRUE,25/8/1986
-895,5H08M,FALSE,27/8/1986
-3220,OR70U,TRUE,17/9/1986
-496,D.VYY,TRUE,23/9/1986
-1674,NHXH4,FALSE,25/9/1986
-9911,;S.UP,TRUE,1/10/1986
-6557,N9VMT,TRUE,2/10/1986
-616,RK>C9,FALSE,3/10/1986
-1156,.3A?X,TRUE,10/10/1986
-5099,1A4K?,FALSE,12/10/1986
-9104,P;R46,FALSE,15/10/1986
-2679,M7=3Q,TRUE,22/10/1986
-2444,?5SNK,TRUE,27/10/1986
-6361,::3=Y,TRUE,4/11/1986
-510,V>YWE,TRUE,6/11/1986
-3715,GHV.9,FALSE,9/11/1986
-2744,HHQ3C,TRUE,11/11/1986
-6686,5P93L,TRUE,18/11/1986
-8792,=/KXI,FALSE,20/11/1986
-6096,VPT@O,TRUE,3/12/1986
-1119,UAYX;,TRUE,15/12/1986
-3246,1GHIB,TRUE,23/12/1986
-1727,C7H77,TRUE,24/12/1986
-2931,S3-ZA,TRUE,2/1/1987
-5956,J8<C<,TRUE,15/1/1987
-2071,<D;@Y,TRUE,17/1/1987
-5420,R4-IU,FALSE,1/2/1987
-4930,;CZ=3,TRUE,9/2/1987
-8792,DJ3OZ,TRUE,10/2/1987
-7456,K6=W3,TRUE,13/2/1987
-8401,IP5/9,FALSE,17/2/1987
-7885,QM;FT,TRUE,17/2/1987
-489,62G<3,TRUE,18/2/1987
-3286,7/DV@,TRUE,20/2/1987
-116,L2X?O,FALSE,20/2/1987
-9661,JOBD=,FALSE,24/2/1987
-3647,S;=6V,TRUE,5/3/1987
-4627,GO=SP,FALSE,16/3/1987
-2642,V=;8J,FALSE,20/3/1987
-5338,E6FVC,FALSE,21/3/1987
-8171,>G16X,TRUE,14/4/1987
-507,7;08/,FALSE,17/4/1987
-5185,-O:/:,FALSE,28/4/1987
-1782,EZI4-,TRUE,28/4/1987
-9810,6EVW-,FALSE,1/5/1987
-5611,U>TO7,TRUE,1/5/1987
-4237,ZF.NR,TRUE,10/5/1987
-4733,.OS8Q,TRUE,11/5/1987
-9242,4;F?D,TRUE,20/5/1987
-9919,L29CL,TRUE,22/5/1987
-2,WS0GP,TRUE,27/5/1987
-3838,08>-M,TRUE,28/5/1987
-1026,/MZ?A,TRUE,5/6/1987
-2706,EB/JE,FALSE,9/6/1987
-8105,R;-JT,FALSE,13/6/1987
-4536,X4-P@,FALSE,17/6/1987
-4946,ZVFDF,TRUE,27/6/1987
-5910,P2>31,TRUE,8/7/1987
-7878,G352B,TRUE,14/7/1987
-8971,I9RPN,FALSE,21/7/1987
-733,6:BWX,TRUE,23/7/1987
-7205,@L940,TRUE,8/8/1987
-4508,53?A2,FALSE,10/8/1987
-9877,F7L?H,TRUE,14/8/1987
-5239,OV=<A,FALSE,14/8/1987
-9915,<HZ;L,TRUE,17/8/1987
-6017,U4C2/,FALSE,22/8/1987
-190,V;8IH,TRUE,28/8/1987
-4213,AQ->U,FALSE,1/9/1987
-8801,/0UT1,TRUE,2/9/1987
-6552,DDPWH,TRUE,12/9/1987
-8016,OZRFE,FALSE,19/9/1987
-7665,8;:97,TRUE,20/9/1987
-385,@AQ0P,TRUE,22/9/1987
-2498,SXREW,FALSE,26/9/1987
-7596,-U;6>,FALSE,2/10/1987
-7947,6ZY5X,FALSE,3/10/1987
-8888,-M204,TRUE,8/10/1987
312,SBE4T,FALSE,10/10/1987
-1129,1D9MU,TRUE,13/10/1987
-8467,SW<8Z,TRUE,18/10/1987
-2058,8G5/-,FALSE,26/10/1987
-1358,DB6LC,TRUE,27/10/1987
-8496,557Z>,TRUE,28/10/1987
-353,I3JNF,FALSE,28/10/1987
-739,/-A2S,FALSE,13/11/1987
-8459,KX><N,TRUE,16/11/1987
-5278,KP:KO,TRUE,17/11/1987
-7120,9SG:@,FALSE,2/12/1987
-911,N88I6,TRUE,15/12/1987
-9424,M2<Q8,TRUE,16/12/1987
-8255,3DQ<Q,TRUE,23/12/1987
-2439,8>1/0,FALSE,26/12/1987
-1096,2>L<<,FALSE,3/1/1988
-8133,@NNO3,TRUE,3/1/1988
-9635,I2YQQ,TRUE,8/1/1988
-6456,XFJCM,FALSE,16/1/1988
-624,S375Q,FALSE,17/1/1988
-6689,155F6,FALSE,18/1/1988
-7147,LYLGC,TRUE,21/1/1988
-6854,7XBS5,FALSE,27/1/1988
-6491,TWB;>,FALSE,27/1/1988
-5289,0/GGA,TRUE,3/2/1988
-4493,LMJR2,TRUE,10/2/1988
-1096,IXI78,FALSE,14/2/1988
-5199,DLD;Y,TRUE,17/2/1988
-4639,EHI5Q,TRUE,20/2/1988
-4831,<GN:3,FALSE,25/2/1988
-9401,?7:>N,FALSE,27/2/1988
-1124,WGK9O,TRUE,18/3/1988
-2894,W4W2>,TRUE,26/3/1988
-6657,59.SA,TRUE,1/4/1988
-897,YES1C,FALSE,12/4/1988
-495,GSQ7N,FALSE,21/4/1988
-4072,@99OU,TRUE,28/4/1988
-323,;3VPW,FALSE,2/5/1988
-7889,383LR,TRUE,4/5/1988
-5364,>F69T,TRUE,4/5/1988
236,CU6DF,FALSE,17/5/1988
-3584,G1FU?,TRUE,26/5/1988
-9044,=HDSG,FALSE,7/6/1988
-5819,K>XY.,FALSE,8/6/1988
-5661,XPJP4,TRUE,8/6/1988
-6453,/R/=V,FALSE,9/6/1988
-8476,ZPOAB,FALSE,11/6/1988
-139,KWC-7,TRUE,13/6/1988
-4587,O3SS;,TRUE,21/6/1988
-7911,N.=BG,TRUE,23/6/1988
-2488,?9>DE,FALSE,25/6/1988
-2110,C<=>U,TRUE,27/6/1988
-5083,6NMNS,TRUE,2/7/1988
-7781,04E73,FALSE,15/7/1988
-9338,Y2.;?,TRUE,16/7/1988
-6361,S7FY4,TRUE,24/7/1988
-7566,QOR6A,FALSE,7/8/1988
-7136,K771<,FALSE,14/8/1988
-3019,.WKAQ,TRUE,9/9/1988
-9081,O694O,TRUE,17/9/1988
-2182,7?-@W,FALSE,20/9/1988
-6424,6ECY=,FALSE,23/9/1988
-3356,7ALM-,TRUE,24/9/1988
-4911,8AH?@,FALSE,28/9/1988
-5176,OIVFW,TRUE,28/9/1988
-6282,AT7HJ,FALSE,2/10/1988
-9824,@.WPH,TRUE,3/10/1988
-628,JN:5J,FALSE,6/10/1988
-6263,NZI4P,TRUE,17/10/1988
-6098,FDB83,TRUE,22/10/1988
-1207,IQ3DX,TRUE,25/10/1988
-8925,SJFW2,FALSE,2/11/1988
-5626,WRZ8P,FALSE,8/11/1988
-2183,/6<Z8,FALSE,9/11/1988
-4112,49Q./,TRUE,16/11/1988
-6,=IZLU,FALSE,2/12/1988
-4991,7?DH0,FALSE,10/12/1988
-8365,D:.?4,FALSE,11/12/1988
-968,B19=/,TRUE,15/12/1988
-8736,SSHIC,FALSE,21/12/1988
-8393,I7SPZ,FALSE,4/1/1989
-4555,X5479,FALSE,6/1/1989
-8293,L>UXU,FALSE,12/1/1989
-707,Q26YL,TRUE,19/1/1989
-1986,VK?EF,FALSE,20/1/1989
-1883,=J.E:,TRUE,23/1/1989
-3052,EBNFN,TRUE,23/1/1989
-3795,9N:;U,FALSE,25/1/1989
-1590,VZPG-,FALSE,1/2/1989
-8574,:KWY3,TRUE,4/2/1989
-3210,NK>.S,TRUE,5/2/1989
-2055,DVOK4,FALSE,11/2/1989
-6912,LM1RI,FALSE,12/2/1989
-9964,44M@@,FALSE,19/2/1989
-3982,P<LU4,TRUE,4/3/1989
-4069,169>X,FALSE,9/3/1989
-9846,7FZPT,TRUE,9/3/1989
-3760,7AO;K,FALSE,14/3/1989
-8708,09;H8,TRUE,15/3/1989
-2658,KZFG-,TRUE,1/4/1989
-9111,<;I;C,FALSE,3/4/1989
-7695,@D:KM,FALSE,4/4/1989
-238,>;JI7,FALSE,22/4/1989
-4063,XSNQA,TRUE,27/4/1989
-2673,8VOL1,TRUE,2/5/1989
-8135,<HSO4,FALSE,4/5/1989
-6545,FA72R,FALSE,8/5/1989
-5325,2F?FK,TRUE,12/5/1989
-7516,???3/,TRUE,12/5/1989
58,6HJLZ,TRUE,15/5/1989
-6755,JFKES,FALSE,19/5/1989
-7955,8N<QU,TRUE,27/5/1989
-4686,@Y.??,FALSE,1/6/1989
-5668,.=1UD,FALSE,4/6/1989
-2891,EO71Y,FALSE,5/6/1989
-2796,R-O@5,FALSE,27/6/1989
-8076,@ZO?F,FALSE,10/7/1989
-608,F.XHX,FALSE,12/7/1989
-8224,.Z>:F,FALSE,17/7/1989
-5575,LCS5I,FALSE,17/7/1989
-311,RZ92L,TRUE,19/7/1989
-944,04.93,FALSE,28/7/1989
-6260,MJU-K,FALSE,7/8/1989
-9462,/00RT,TRUE,24/8/1989
-4265,QC-88,FALSE,24/8/1989
-5258,0WYWE,TRUE,9/9/1989
-2231,C6Q.<,FALSE,13/9/1989
-7827,1?5ZN,TRUE,15/9/1989
-7612,XW4<@,FALSE,26/9/1989
-1831,=KQO/,TRUE,7/10/1989
-7454,TX;4>,FALSE,11/10/1989
-8325,AN;8-,TRUE,13/10/1989
-2965,1XD>:,TRUE,15/10/1989
-9037,AI1E/,FALSE,26/10/1989
-6913,IQR76,FALSE,1/11/1989
-5881,15OWY,FALSE,7/11/1989
-649,W:I7Y,TRUE,10/11/1989
-2134,-6MBR,TRUE,12/11/1989
-8031,13C-L,TRUE,15/11/1989
-8163,0?=-5,FALSE,24/11/1989
-3351,KYJGV,FALSE,24/11/1989
-2440,LY5A-,TRUE,25/11/1989
-1170,?C5>U,FALSE,26/11/1989
-4019,L5TA;,TRUE,1/12/1989
-3291,YF5TO,TRUE,10/12/1989
-7826,024HK,TRUE,16/12/1989
-5708,CG79Y,FALSE,17/12/1989
-7867,EABOP,TRUE,23/12/1989
-6248,-4PXS,FALSE,2/1/1990
-1429,7.QX3,TRUE,3/1/1990
-2366,3XMPH,TRUE,5/1/1990
-6882,6SFSK,FALSE,15/1/1990
-9411,AUMTF,TRUE,20/1/1990
-522,WWOS@,FALSE,7/2/1990
-8833,MAFC?,FALSE,10/2/1990
-5650,EOU2L,TRUE,16/2/1990
-6858,WTUHJ,FALSE,5/3/1990
-7321,CBV0C,TRUE,25/3/1990
-5291,5JQUO,TRUE,6/4/1990
-2704,K5PT@,FALSE,7/4/1990
-1583,XBA9@,TRUE,12/4/1990
-5901,4<D-B,TRUE,14/4/1990
-2585,7<9=C,FALSE,22/4/1990
-1736,UJN/6,TRUE,1/5/1990
-5115,Q<1;G,TRUE,3/5/1990
-8206,GFZ3@,TRUE,5/5/1990
-8021,G751V,FALSE,7/5/1990
-4433,;TFW/,TRUE,9/5/1990
-9945,/X;2E,FALSE,26/5/1990
-7090,751;V,FALSE,26/5/1990
-9408,PA>Y=,TRUE,26/5/1990
-234,<=YYC,FALSE,3/6/1990
-3187,5O1HR,TRUE,8/6/1990
-1386,;9V-U,FALSE,10/6/1990
-9794,47J?=,FALSE,11/6/1990
-8136,3Y2>N,TRUE,13/6/1990
-8226,CP<F=,FALSE,14/6/1990
-2972,F31LR,FALSE,21/6/1990
-7466,2ZV9J,FALSE,5/7/1990
-7701,Y9SDD,TRUE,27/7/1990
-2871,/59HR,FALSE,10/8/1990
-678,Y.-?T,TRUE,23/8/1990
-8183,7N;B9,FALSE,1/9/1990
-1626,UH@CE,FALSE,3/9/1990
-4920,KY;W.,FALSE,6/9/1990
-3086,NP9W1,FALSE,8/9/1990
-9690,AQ1BO,TRUE,9/9/1990
-512,0EU6/,TRUE,14/9/1990
-454,<VS0V,TRUE,15/9/1990
-2649,02EJ1,FALSE,2/10/1990
-6781,0XEE/,FALSE,11/10/1990
-4196,L2G@U,TRUE,11/10/1990
-1715,4SF;P,TRUE,14/11/1990
-6978,=WDH?,TRUE,14/11/1990
-34,L72ND,TRUE,15/11/1990
-7932,KXNC2,TRUE,19/11/1990
-8532,OLS0V,TRUE,6/12/1990
-3921,5Q.69,FALSE,8/12/1990
-9724,UXTUM,FALSE,8/12/1990
-3793,DQWZV,TRUE,9/12/1990
-3020,U??DB,TRUE,10/12/1990
-3782,0K7XY,TRUE,11/12/1990
-9707,:IBUC,TRUE,21/12/1990
-1304,H@RH.,FALSE,27/12/1990
-5213,-L:UJ,TRUE,4/1/1991
-8754,4?1AB,TRUE,10/1/1991
-7902,K<-D1,FALSE,10/1/1991
-4365,P>.6C,TRUE,13/1/1991
-9557,;MU1=,FALSE,18/1/1991
-4690,S;.=<,TRUE,23/1/1991
-567,Q<1BZ,TRUE,25/1/1991
-4400,TFA3Q,FALSE,25/1/1991
-3234,;KM5;,TRUE,6/2/1991
-8554,74BVD,TRUE,13/2/1991
-337,PV/=E,TRUE,27/2/1991
-4788,BNA57,FALSE,1/3/1991
-2993,A09L6,FALSE,5/3/1991
-6321,1ZL6.,TRUE,9/3/1991
-6390,ODL7J,TRUE,11/3/1991
-5496,H?LCW,FALSE,14/3/1991
-4377,<-PQN,TRUE,19/3/1991
-7947,4RAJT,TRUE,22/3/1991
-7214,@TEEP,TRUE,24/3/1991
-4536,UY1:Q,TRUE,25/3/1991
-3172,M8M7@,TRUE,26/3/1991
-3561,7@D01,FALSE,8/4/1991
-922,S?44@,TRUE,10/4/1991
-7262,9KGI:,FALSE,12/4/1991
-9793,=::PJ,TRUE,15/4/1991
-1794,=-PC>,FALSE,17/4/1991
-3345,;D2;?,FALSE,2/5/1991
-4858,>U28E,FALSE,3/5/1991
-6870,YBAU<,TRUE,4/5/1991
-2282,9TWU1,TRUE,12/5/1991
-6244,4>VHP,TRUE,25/5/1991
-5052,P7YRW,FALSE,7/6/1991
-2416,50UAH,FALSE,9/6/1991
-4950,.OMO/,TRUE,11/6/1991
-4694,:>YNA,TRUE,11/6/1991
-6249,KESTH,TRUE,14/6/1991
-4535,8MNQT,TRUE,17/6/1991
-3702,A:EHP,TRUE,19/6/1991
-1762,R:SUM,TRUE,20/6/1991
-5853,7I>XL,FALSE,28/6/1991
-1246,5?<SX,FALSE,1/7/1991
-4600,6FJ>T,FALSE,6/7/1991
-5874,JE:L7,TRUE,8/7/1991
-6108,:ER7V,FALSE,11/7/1991
-7376,61S/R,TRUE,13/7/1991
-125,80<BJ,TRUE,15/7/1991
-5903,/391Y,TRUE,26/7/1991
-5127,ZZP>=,FALSE,5/8/1991
-5101,T=14=,TRUE,22/8/1991
-843,33Y@2,FALSE,23/8/1991
-3411,<>-PB,FALSE,25/8/1991
-1848,J8=T6,TRUE,28/8/1991
-3948,BKN2A,TRUE,3/9/1991
-1501,W4?.R,TRUE,5/9/1991
-1835,?EMNK,TRUE,7/9/1991
-1468,QD35I,TRUE,11/9/1991
-2330,>1STZ,TRUE,12/9/1991
-5193,5R=-L,TRUE,14/9/1991
-5320,FMF@U,TRUE,8/10/1991
-7711,<ZIDW,TRUE,19/10/1991
-9337,YO2/U,TRUE,27/11/1991
-3100,RIDTF,TRUE,8/12/1991
-9920,O=<?S,FALSE,9/12/1991
-5618,7CH15,TRUE,12/12/1991
-7734,KHIMI,TRUE,25/12/1991
-7789,=4RZC,TRUE,16/1/1992
-2401,XEAVO,TRUE,17/1/1992
-9290,1MYZ2,FALSE,20/1/1992
-8696,1G<39,TRUE,25/1/1992
-6037,5<2J7,TRUE,9/2/1992
-2824,;:5Q1,TRUE,9/2/1992
-7344,HE<?P,FALSE,10/2/1992
-3852,ZIZO2,FALSE,13/2/1992
-8348,XSA;>,FALSE,15/2/1992
-8865,2GLEL,TRUE,27/2/1992
-5833,89<E-,FALSE,12/3/1992
-6516,Q6OLV,TRUE,16/3/1992
-942,CAXQX,FALSE,17/3/1992
-5384,6-9GH,FALSE,2/4/1992
-8273,U.5E>,TRUE,11/4/1992
-7924,RZGL@,FALSE,15/4/1992
-47,PECT8,TRUE,22/4/1992
-7746,L8@L=,TRUE,27/4/1992
-8606,6A6H1,TRUE,2/5/1992
-3901,A3E.8,FALSE,7/5/1992
-8452,J/35T,FALSE,11/5/1992
-9414,Z7RXJ,TRUE,15/5/1992
-9960,7>?8R,TRUE,23/5/1992
-3699,>55M?,FALSE,2/6/1992
-1253,7KRQH,FALSE,5/6/1992
-727,IL2AP,FALSE,7/6/1992
-3052,M8RB=,TRUE,8/6/1992
-8187,EMRUO,TRUE,16/6/1992
-7541,T0FZH,FALSE,26/6/1992
-9008,3@X3C,FALSE,27/6/1992
-6542,M;8J9,TRUE,1/7/1992
-6549,@I;9G,FALSE,18/7/1992
-2794,@XVQS,FALSE,20/7/1992
-5653,UI0O7,FALSE,23/7/1992
-2740,WP/E=,FALSE,24/7/1992
-5827,UHJ?@,TRUE,26/7/1992
160,HS2?;,FALSE,27/7/1992
-7098,71ARZ,TRUE,12/8/1992
-3754,U5M<Y,TRUE,12/8/1992
-2645,@UQYS,TRUE,21/8/1992
-1429,XH/:G,FALSE,22/8/1992
-1591,0:J;W,FALSE,26/8/1992
-7682,6QRIM,TRUE,27/8/1992
-5833,1LP46,FALSE,1/9/1992
-5436,BAE@@,TRUE,11/9/1992
-8691,N8S4J,TRUE,2/10/1992
-4765,TS=17,TRUE,8/10/1992
-4795,NZ8BA,FALSE,12/10/1992
-1041,Z3IM1,TRUE,15/10/1992
-7404,/ET6R,TRUE,20/10/1992
-9386,5LSE?,FALSE,20/10/1992
-3423,WIG9?,TRUE,25/10/1992
-206,=5RA9,FALSE,3/11/1992
-9278,W9IJ<,TRUE,3/11/1992
-921,Z?IPQ,FALSE,3/11/1992
-8643,P0.9<,FALSE,10/11/1992
-4658,;J=XR,FALSE,14/11/1992
-6418,BK6;B,FALSE,20/11/1992
-5518,4WWL/,TRUE,3/12/1992
-2760,MIBW1,TRUE,5/12/1992
-5615,EA.I?,FALSE,8/12/1992
-4170,>=3/C,TRUE,14/12/1992
-8238,P0ZSH,FALSE,1/1/1993
-3039,MWS?H,TRUE,4/1/1993
-8485,N00HG,TRUE,4/1/1993
-9391,TMFXO,TRUE,6/1/1993
-5997,X@BJQ,FALSE,7/1/1993
-9764,EY2?<,TRUE,8/1/1993
-111,6DOK7,TRUE,12/1/1993
-6528,IUUPU,TRUE,15/1/1993
-3825,0>2/=,TRUE,20/1/1993
-4079,LX=A>,TRUE,4/2/1993
-3643,83RI5,TRUE,14/2/1993
-2318,4-;;Q,TRUE,16/2/1993
-1739,N;6Z<,FALSE,20/2/1993
-4188,M0LI9,TRUE,28/2/1993
-5923,Y9HI:,FALSE,1/3/1993
-8430,-DUJT,FALSE,3/3/1993
-4042,@<-VN,FALSE,8/3/1993
-1301,I4A4S,TRUE,10/3/1993
-822,@<;SH,FALSE,5/4/1993
-6329,Q<U8C,TRUE,5/4/1993
-5173,6?-=7,TRUE,7/4/1993
-1416,9.L/F,FALSE,14/4/1993
-5720,?/XWH,FALSE,16/4/1993
-1800,OQMIR,FALSE,16/4/1993
-4601,Y3N<L,FALSE,17/4/1993
-8829,.U8?I,FALSE,18/4/1993
-1194,>1ZFP,FALSE,18/4/1993
-1038,GRI:/,TRUE,19/4/1993
-9881,8XE??,FALSE,24/4/1993
-5113,I?I6N,TRUE,25/4/1993
-6054,SI3V:,TRUE,25/4/1993
-7248,.CO6G,TRUE,5/5/1993
-6874,5:-0G,TRUE,19/5/1993
-6723,NM68-,FALSE,26/5/1993
-6422,HB-ZE,TRUE,4/6/1993
-7405,?AAV6,TRUE,10/6/1993
-6620,Y.<JZ,TRUE,10/6/1993
-5221,K<?X>,TRUE,12/6/1993
-8592,:72WB,TRUE,18/6/1993
-868,J7AQP,FALSE,10/7/1993
-2338,;U5T8,TRUE,13/7/1993
-3211,PWHLZ,FALSE,14/7/1993
-5101,QDE62,TRUE,14/7/1993
-3842,A-.W?,FALSE,16/7/1993
-4578,7/5RB,FALSE,22/7/1993
-5007,PF0=<,TRUE,25/7/1993
-3330,EO-@;,FALSE,2/8/1993
-2015,TL3L?,FALSE,3/8/1993
-3495,WCT/V,TRUE,3/8/1993
-5637,T4VT6,FALSE,5/8/1993
-2981,4=Z..,TRUE,6/8/1993
-3759,-YRCI,FALSE,8/8/1993
-8834,87T-5,FALSE,8/8/1993
-4799,QA;2I,FALSE,11/8/1993
-3601,K=2Z>,FALSE,13/8/1993
-9955,THY.G,TRUE,17/8/1993
-4549,V6X64,TRUE,17/8/1993
-5432,I.A06,TRUE,19/8/1993
-3655,6GJ3R,TRUE,20/8/1993
300,>ZAL:,TRUE,21/8/1993
-9742,V@S.S,TRUE,26/8/1993
-6782,BDX1@,FALSE,27/8/1993
-3550,Y;QSC,FALSE,1/9/1993
-6303,59.FU,FALSE,22/9/1993
-141,QQP@U,FALSE,22/9/1993
-1436,3Q>PH,FALSE,23/9/1993
-7123,=AMZE,FALSE,27/9/1993
-2671,I0N:Y,FALSE,14/10/1993
173,XOSE-,FALSE,15/10/1993
-4997,R:N<4,FALSE,20/10/1993
-3569,9GO2H,TRUE,23/10/1993
-7468,KSN3B,TRUE,23/10/1993
-2702,FEY5A,TRUE,14/11/1993
-1288,2ZL5=,FALSE,17/11/1993
-7453,=4E:L,FALSE,22/11/1993
-8564,16=Q>,FALSE,4/12/1993
-7907,HU/4Q,TRUE,13/12/1993
-5056,XV.W5,TRUE,19/12/1993
-379,9JW;B,TRUE,21/12/1993
-902,>?;0H,FALSE,25/12/1993
-1521,9Q6<M,TRUE,26/12/1993
-1415,98F4X,FALSE,28/12/1993
-900,X5XG;,TRUE,13/1/1994
-3870,5U?QF,TRUE,16/1/1994
-9090,BPX6=,FALSE,16/1/1994
-6200,J1U/B,TRUE,17/1/1994
-6757,:OFH=,FALSE,12/2/1994
-3156,BIU0B,TRUE,21/2/1994
-3944,3..DF,TRUE,22/2/1994
-2022,0X2?0,TRUE,28/2/1994
-8804,G<Z3R,FALSE,4/3/1994
-636,I.IQ0,TRUE,15/3/1994
-4072,9U@DR,TRUE,16/3/1994
-7141,V4/WF,FALSE,18/3/1994
-5867,IYV;R,TRUE,23/3/1994
-3173,;?ET:,TRUE,27/3/1994
-4638,5VAXO,TRUE,1/4/1994
-3640,@Z3BO,TRUE,5/4/1994
-9003,/VJ46,FALSE,6/4/1994
-5961,1BGW7,TRUE,6/4/1994
-4013,T?Z>E,FALSE,10/4/1994
-2183,S;P<S,TRUE,19/4/1994
-5512,Y8B;S,FALSE,27/4/1994
-9098,>D6S<,TRUE,1/5/1994
-597,8/G=4,TRUE,9/5/1994
-6636,/Q-GA,FALSE,12/5/1994
-9830,82;SA,FALSE,13/5/1994
-9702,4VQZ8,FALSE,14/5/1994
-6351,DFVET,TRUE,15/5/1994
-2542,Q=T64,TRUE,27/5/1994
-5124,=1CUE,TRUE,2/6/1994
-6332,2UUZ0,FALSE,9/6/1994
-7220,4JC6Q,TRUE,10/6/1994
-742,-/:QC,TRUE,21/6/1994
-5578,HOIJ7,TRUE,22/6/1994
-3479,NQ2G9,FALSE,28/6/1994
-9588,0F6ZG,FALSE,3/7/1994
-706,85AUB,FALSE,5/7/1994
-9778,.0=5N,FALSE,7/7/1994
-6648,W?V:.,TRUE,10/7/1994
-339,CEDP1,TRUE,11/7/1994
-4826,14PMG,TRUE,12/7/1994
-5258,J-P:U,FALSE,15/7/1994
-6821,4;7OS,FALSE,16/7/1994
-7726,3DGUV,FALSE,22/7/1994
-1082,CO13H,FALSE,22/7/1994
-4223,VAM2Q,FALSE,23/7/1994
110,KN0H4,TRUE,27/7/1994
-2731,3HSYW,TRUE,28/7/1994
-4626,P2-O@,TRUE,7/8/1994
-44,UWV.J,FALSE,13/8/1994
-824,R>=RW,TRUE,28/8/1994
-8181,IJW4;,FALSE,9/9/1994
-5229,L7ZOM,FALSE,20/9/1994
-4518,SYX-B,TRUE,21/9/1994
-5675,X5>;8,FALSE,2/10/1994
-6019,IB0X7,TRUE,19/10/1994
-6964,42=;G,FALSE,3/11/1994
-2353,4TKPC,TRUE,8/11/1994
-5310,SI-0V,FALSE,26/11/1994
-482,Z07FV,FALSE,9/12/1994
-6483,RUR/K,TRUE,14/12/1994
-8662,6;7W5,FALSE,20/12/1994
-1884,Y2UT.,TRUE,26/12/1994
-2994,;MKU-,FALSE,28/12/1994
-6196,GBSG8,TRUE,7/1/1995
-7318,/PTMY,TRUE,13/1/1995
-2710,;-4.>,TRUE,13/1/1995
-2181,CHCEI,TRUE,15/1/1995
-1242,6V7M6,TRUE,17/1/1995
-474,Z@D=2,TRUE,19/1/1995
-6981,W=YKE,FALSE,24/1/1995
-3592,F<L4D,TRUE,26/1/1995
-5392,4O4FX,FALSE,28/1/1995
-6259,O-LQS,FALSE,1/2/1995
-1415,GNT06,FALSE,2/2/1995
-3377,IV2XH,FALSE,9/2/1995
-4936,Q0/BE,TRUE,26/2/1995
-1422,ZT3-7,FALSE,5/3/1995
-9454,7X@T9,TRUE,9/3/1995
265,P-D5M,FALSE,9/3/1995
-8453,U613P,TRUE,9/3/1995
-4115,J<>/Q,FALSE,20/3/1995
-1594,9BJR;,FALSE,25/3/1995
-5156,WQU1<,TRUE,5/4/1995
-1898,DNM14,TRUE,19/4/1995
-2067,>Y9OD,FALSE,28/4/1995
-8131,--W-T,FALSE,3/5/1995
-5348,3L4@A,TRUE,4/5/1995
-786,NNR:Z,TRUE,4/5/1995
-8251,9GGPU,FALSE,9/5/1995
-5101,HM5GN,FALSE,11/5/1995
-5866,S82S.,FALSE,18/5/1995
-9856,34RGY,FALSE,20/5/1995
-5796,P8DZV,FALSE,21/5/1995
-2338,AN4EZ,FALSE,24/5/1995
-5016,BJU73,FALSE,1/6/1995
-3892,DM=75,TRUE,3/6/1995
-9178,ITB4O,FALSE,8/6/1995
-6734,>EOEA,FALSE,12/6/1995
-1472,;TJV8,TRUE,14/6/1995
-8921,T98@5,FALSE,14/6/1995
-8003,IGCS9,FALSE,26/6/1995
-9844,9XS>Y,TRUE,7/7/1995
-2397,.X/C;,TRUE,9/7/1995
-1680,Y.XAV,FALSE,10/7/1995
-1214,FMCWY,TRUE,15/7/1995
-4934,=GP4>,FALSE,16/7/1995
-9614,NNHN-,TRUE,24/7/1995
-6241,U=ZJ=,TRUE,3/8/1995
-236,X>2@I,FALSE,7/8/1995
-1080,WNX1<,FALSE,9/8/1995
-814,>X=.O,TRUE,20/8/1995
-6922,4<D5X,TRUE,21/8/1995
-944,PD.D4,FALSE,22/8/1995
-8357,U17Z>,TRUE,27/8/1995
-1913,9:QFF,TRUE,7/9/1995
-3504,QNV8E,TRUE,17/9/1995
-6448,:>8@N,TRUE,18/9/1995
-9530,YD/2E,FALSE,22/9/1995
-4066,CT99F,FALSE,23/9/1995
-4325,L<C;S,FALSE,23/9/1995
-5752,3:NF.,FALSE,28/9/1995
-3879,NH-=1,TRUE,1/10/1995
-6640,?<IE.,TRUE,5/10/1995
-8447,HP3<X,TRUE,15/10/1995
-1687,3LJQ-,TRUE,19/10/1995
-6502,@U6=F,FALSE,21/10/1995
-7018,R56M>,TRUE,21/10/1995
-3891,?Y.4Q,TRUE,26/10/1995
-8885,0VE98,TRUE,28/10/1995
-9474,L3R=G,FALSE,28/10/1995
-8379,?X@GP,FALSE,8/11/1995
-1339,UK@GP,FALSE,11/11/1995
-774,?IR3D,TRUE,13/11/1995
-9171,D<=SS,TRUE,19/11/1995
-5868,FOG>/,FALSE,19/11/1995
-7324,KB6JF,TRUE,23/11/1995
-936,4B.P/,FALSE,26/11/1995
-4717,>/;@9,FALSE,10/12/1995
-218,<<VWB,FALSE,16/12/1995
-9920,QN9JE,FALSE,21/12/1995
-1975,=ON:<,TRUE,25/12/1995
-1235,VBW80,TRUE,19/1/1996
-3863,ZIN>E,TRUE,2/2/1996
-7847,MKE?2,TRUE,11/2/1996
-2331,Z>FCH,TRUE,15/2/1996
-3364,H=306,FALSE,18/2/1996
-6081,3O17;,FALSE,23/2/1996
-5368,WU;H-,FALSE,3/3/1996
-1809,EEEH8,TRUE,11/3/1996
-1518,W@E23,FALSE,13/3/1996
-2077,SJ-75,TRUE,16/3/1996
-3410,V0:S@,FALSE,3/4/1996
-6461,?:=Z/,FALSE,12/4/1996
-2036,>:H/Q,FALSE,5/5/1996
-4794,P5QA.,TRUE,5/5/1996
-4683,4MAXK,FALSE,9/5/1996
-4167,UL:X;,TRUE,10/5/1996
-9015,GIU7?,TRUE,16/5/1996
-165,R-@Q?,FALSE,24/5/1996
-1045,J0;0G,TRUE,25/5/1996
-56,H>ILL,TRUE,7/6/1996
-4412,;S9NZ,TRUE,15/6/1996
-8722,DJ7LG,TRUE,16/6/1996
-6600,87FKC,FALSE,1/7/1996
-4422,G59:9,FALSE,9/7/1996
-6745,WDW2G,FALSE,13/7/1996
-7374,I00LL,FALSE,16/7/1996
-6168,A91V6,FALSE,24/7/1996
-2535,FCW;;,TRUE,24/7/1996
-9220,OUGC7,FALSE,28/7/1996
-1621,BK0CJ,FALSE,8/8/1996
-609,CZLQ=,FALSE,15/8/1996
-7927,JR-UG,FALSE,15/8/1996
-6872,V/A5Z,FALSE,15/8/1996
-9202,K7FXE,TRUE,24/8/1996
-1165,E.G-=,FALSE,7/9/1996
-3776,WJNP2,TRUE,9/9/1996
-5003,TCPR4,FALSE,12/9/1996
-3721,WK7O=,TRUE,26/9/1996
-2659,5?L7H,FALSE,8/10/1996
-6226,X?@AK,FALSE,11/10/1996
-9010,GQG>H,TRUE,14/10/1996
-2778,Q-NYW,FALSE,15/10/1996
-3453,PM=NP,FALSE,20/10/1996
23,A12N7,TRUE,21/10/1996
-5736,L?/M>,FALSE,23/10/1996
-52,8W7LC,TRUE,24/10/1996
-2963,AMCJI,TRUE,26/10/1996
-9261,S5.L:,TRUE,27/10/1996
-4199,WU/GX,FALSE,5/11/1996
-5814,-ZPAV,FALSE,13/11/1996
-2608,872:-,TRUE,14/11/1996
-119,.<Q54,FALSE,19/11/1996
-5600,FQ:L?,FALSE,8/12/1996
-6727,47<AX,TRUE,9/12/1996
-6479,7OB:Q,TRUE,17/12/1996
-1351,Y.MOA,FALSE,24/12/1996
-6027,-F3=P,TRUE,4/1/1997
-3657,2-/L=,FALSE,11/1/1997
-8003,3W8<J,FALSE,17/1/1997
-7423,IB2V1,TRUE,18/1/1997
-1507,<0>WK,FALSE,22/1/1997
-5002,D0U-N,TRUE,23/1/1997
-3325,YPB8B,FALSE,27/1/1997
-4361,M</PP,FALSE,11/2/1997
77,SDYST,TRUE,16/2/1997
-6462,NQF@.,TRUE,19/2/1997
-4418,?AZYA,FALSE,28/2/1997
-4014,-5W5/,TRUE,3/3/1997
-9966,G8.9/,FALSE,7/3/1997
-8436,5VLWY,TRUE,17/3/1997
-7418,?O6=/,FALSE,21/3/1997
-359,XS1=<,TRUE,26/3/1997
-2362,DOS9G,TRUE,11/4/1997
-2763,Y8FGB,TRUE,20/4/1997
-4755,TRCJ9,FALSE,28/5/1997
-9218,7K./-,FALSE,8/6/1997
-1589,1T;SW,TRUE,18/6/1997
-541,D:.IR,FALSE,21/6/1997
-7578,=3B5C,FALSE,22/6/1997
-3279,7PIFC,FALSE,28/6/1997
-2768,EBUPE,TRUE,8/7/1997
-7566,MY:JW,TRUE,11/7/1997
-8908,@BLH4,FALSE,13/7/1997
146,?HD@D,FALSE,15/7/1997
-5871,HQ1S>,TRUE,22/7/1997
-3227,I6-M;,FALSE,25/7/1997
-9425,;J273,TRUE,12/8/1997
-9811,B2K2>,TRUE,14/8/1997
-2345,@N=;9,FALSE,16/8/1997
-3231,J;B?N,TRUE,16/8/1997
-7035,V=504,FALSE,18/8/1997
-4691,GN;5Z,FALSE,2/9/1997
-5674,A9.V2,TRUE,13/9/1997
-2643,O.<DI,FALSE,17/9/1997
-1928,BMP;P,TRUE,21/9/1997
-605,M66<E,TRUE,25/9/1997
-7079,GK9LC,FALSE,2/10/1997
-559,1NNT/,TRUE,6/10/1997
-9644,MGH0Q,TRUE,6/10/1997
-6603,7HTBN,TRUE,13/10/1997
-6758,G>1IZ,TRUE,16/10/1997
-8625,<:9-2,FALSE,20/10/1997
-8925,P-C9:,TRUE,23/10/1997
-5118,DX7NB,FALSE,27/10/1997
-6951,U=E.W,TRUE,2/11/1997
-1485,C8G2-,TRUE,14/11/1997
-7436,0QXCC,TRUE,15/11/1997
-3099,HM>T8,TRUE,19/11/1997
-4519,?U6<O,TRUE,26/11/1997
-1766,@G;LC,TRUE,5/12/1997
-9053,BI=YN,TRUE,6/12/1997
-1245,ZSEF2,FALSE,7/12/1997
-1395,XSU4?,FALSE,11/12/1997
-6424,3NYAF,FALSE,21/12/1997
-6603,CY6-B,FALSE,24/12/1997
-4777,O;9R;,TRUE,1/1/1998
-7973,;LSLV,TRUE,6/1/1998
-621,/UQ;M,FALSE,16/1/1998
-7947,AM39P,TRUE,23/1/1998
-475,-3YK4,TRUE,8/2/1998
-3993,3B=AH,TRUE,13/2/1998
-3908,:KEYX,TRUE,13/2/1998
-4115,YA;OO,FALSE,23/2/1998
-2196,>S5>L,TRUE,24/2/1998
-4105,IR47V,FALSE,4/3/1998
-4395,W7?/K,FALSE,8/3/1998
-1452,7TLKB,FALSE,19/3/1998
-7819,WZTCE,TRUE,25/3/1998
-4719,AAVI;,TRUE,26/3/1998
-2886,LDF?4,FALSE,1/4/1998
-1354,V0DKX,TRUE,3/4/1998
-9437,781T7,FALSE,4/4/1998
-6260,@QZHM,FALSE,10/4/1998
-9,M;?@E,TRUE,15/4/1998
-9892,3@F2U,TRUE,18/4/1998
-7313,PDPVP,TRUE,22/4/1998
-1187,2VL0M,FALSE,28/4/1998
-8682,0>6B@,FALSE,11/5/1998
-4484,8:@3.,TRUE,14/5/1998
-7907,91DD0,TRUE,15/5/1998
-2499,8QAUI,FALSE,18/5/1998
-7693,CVN?B,TRUE,23/5/1998
-8668,1UI6S,FALSE,24/5/1998
-2020,FXUW2,FALSE,25/5/1998
-1016,F=IFN,TRUE,3/6/1998
-515,OSVQU,FALSE,9/6/1998
-4445,:T:45,FALSE,20/6/1998
-7159,D4G?R,TRUE,20/6/1998
-7130,02TRQ,TRUE,23/6/1998
-5987,7QNO7,FALSE,27/6/1998
-4157,KCV6:,TRUE,28/6/1998
-7992,Z<@OR,FALSE,1/7/1998
-7155,7E27=,FALSE,11/7/1998
-7667,?0;X6,FALSE,13/7/1998
-3205,H0NA=,FALSE,25/7/1998
-6544,1GE<=,FALSE,4/8/1998
-8039,GHJ2Z,TRUE,5/8/1998
-4361,P5?:2,FALSE,6/8/1998
-390,6RNU-,TRUE,7/8/1998
-379,6U0EE,TRUE,8/8/1998
-5522,E8A:8,TRUE,11/8/1998
-5058,ZDP:H,TRUE,18/8/1998
-4514,=PEIB,FALSE,20/8/1998
-8174,F2NS3,TRUE,26/8/1998
-4209,F>R:N,TRUE,26/8/1998
-8420,ZB@9B,TRUE,28/8/1998
-8611,X74G<,TRUE,7/9/1998
-8538,;22FA,FALSE,19/9/1998
-2856,ZPU?V,FALSE,28/9/1998
-9626,A<FY<,FALSE,2/10/1998
-8640,/5C.9,TRUE,5/10/1998
-6671,QLSD.,FALSE,6/10/1998
-89,@>0<>,FALSE,12/10/1998
-3508,GWI2P,FALSE,18/10/1998
-1827,?/S<;,TRUE,21/10/1998
-7881,9XU..,TRUE,27/10/1998
-4415,=.5S;,FALSE,27/10/1998
-2275,AAHA3,TRUE,1/11/1998
-3378,Z4J.0,FALSE,5/11/1998
-5298,1O-28,FALSE,19/11/1998
-2045,OPOTH,TRUE,22/11/1998
-1659,?DM5E,FALSE,26/11/1998
-6031,:E0AW,FALSE,6/12/1998
-1243,TVFRO,TRUE,9/12/1998
-261,<?RT5,TRUE,22/12/1998
-3167,TS6/L,TRUE,23/12/1998
-7452,XX/49,FALSE,12/1/1999
-2141,BHTM3,FALSE,14/1/1999
-7333,6V51I,TRUE,16/1/1999
-8722,A;OI@,TRUE,16/1/1999
-6026,CX;?N,TRUE,23/1/1999
-1079,T@0HI,FALSE,28/1/1999
-9782,@AG.2,TRUE,10/2/1999
-4920,O401T,TRUE,13/2/1999
-3720,U:AJ6,FALSE,19/2/1999
-7037,@1L.R,FALSE,23/2/1999
-7073,Y52@@,FALSE,23/2/1999
-9001,E/-=3,TRUE,3/3/1999
-6386,RO-61,TRUE,11/3/1999
-2758,N>58<,TRUE,12/3/1999
-6813,KE49B,TRUE,17/3/1999
-4020,38J80,FALSE,23/3/1999
-1228,NHN-9,FALSE,24/3/1999
-1505,?E374,TRUE,25/3/1999
-4780,JY/QD,TRUE,1/4/1999
-3554,-S>K;,FALSE,10/4/1999
-4720,>T6LJ,FALSE,16/4/1999
-6122,I;7ZG,TRUE,22/4/1999
-4028,YF2DS,TRUE,4/5/1999
-8382,N<<L1,TRUE,13/5/1999
-4153,<QI?Y,TRUE,17/5/1999
-8459,0D/AD,FALSE,18/5/1999
-212,C35>4,TRUE,20/5/1999
-6695,A9R=;,FALSE,22/5/1999
-2038,O/IN6,TRUE,27/5/1999
-118,U7CC8,FALSE,3/6/1999
-9294,0;H-O,TRUE,14/6/1999
-6770,S8;.9,TRUE,20/6/1999
-7767,H<96P,TRUE,2/7/1999
-929,L2SIG,FALSE,4/7/1999
-8656,/N7W>,TRUE,15/7/1999
-5585,Z;V:@,FALSE,15/7/1999
-3387,=JG@/,FALSE,16/7/1999
-167,7O5E0,FALSE,20/7/1999
-8758,.RXWG,FALSE,22/7/1999
-1484,CJRRN,FALSE,22/7/1999
-6139,FEFYI,TRUE,5/8/1999
-1264,5OK:4,TRUE,8/8/1999
-6617,4RBQ@,TRUE,16/8/1999
-3310,UW=.@,TRUE,7/9/1999
-5736,5I/VR,TRUE,9/9/1999
-4345,MMR73,FALSE,11/9/1999
-3808,?J0RS,FALSE,16/9/1999
-4621,=B>N3,FALSE,18/9/1999
-3454,M80>U,FALSE,25/9/1999
226,RVR:M,TRUE,28/9/1999
-1983,2XLXA,TRUE,5/10/1999
-652,BOKPZ,FALSE,14/10/1999
-8274,H@?>/,FALSE,16/10/1999
-2717,6:CEP,TRUE,18/10/1999
-4583,ZPNN>,TRUE,24/10/1999
-2433,DF;2;,TRUE,1/11/1999
-9021,5OKI1,TRUE,2/11/1999
-8765,?FTGD,FALSE,4/11/1999
-6922,KPW6I,TRUE,24/11/1999
-702,M:02B,TRUE,21/12/1999
-7543,5LSTW,FALSE,5/1/2000
-9845,V:O4?,TRUE,10/1/2000
-3316,Q>9?I,TRUE,13/1/2000
-4116,EDD9-,TRUE,8/2/2000
-4111,H24<5,TRUE,15/2/2000
-8797,GGZ@F,FALSE,20/2/2000
-7421,HT;D8,FALSE,10/3/2000
-4406,>6PHR,FALSE,18/3/2000
-7143,VE<QQ,TRUE,19/3/2000
-5275,MAZL=,FALSE,23/3/2000
-7334,BJBDT,TRUE,25/4/2000
-8729,@@B->,TRUE,27/4/2000
-1701,W3K.:,FALSE,4/5/2000
-6123,8:L-G,TRUE,17/5/2000
-5765,--?T2,TRUE,19/5/2000
-7742,.W?X/,TRUE,25/5/2000
-2550,9PPLV,TRUE,25/5/2000
-2992,ARL1E,TRUE,26/5/2000
-6676,C=8Z;,FALSE,26/5/2000
-3736,8UL8D,FALSE,2/6/2000
-3521,WEZFP,FALSE,3/6/2000
-5861,6PCJB,FALSE,4/6/2000
-1633,MSF-K,FALSE,9/6/2000
-656,LXB>G,TRUE,10/6/2000
-2512,7;O/4,FALSE,21/6/2000
-2479,/EUS9,FALSE,25/6/2000
-8962,8.O:7,FALSE,3/7/2000
-7966,TYN7.,FALSE,4/7/2000
-8632,>YZVM,TRUE,5/7/2000
324,M2RWJ,FALSE,14/7/2000
-7950,OMF0C,FALSE,14/7/2000
-9248,QH>:3,FALSE,26/7/2000
-3511,JQ<R;,FALSE,5/8/2000
-3002,HVYQE,TRUE,12/8/2000
-7036,L164=,TRUE,12/8/2000
-8105,BB0NZ,FALSE,14/8/2000
-7440,3Y.38,TRUE,15/8/2000
-899,IG/9S,FALSE,15/8/2000
-3272,IYU>S,FALSE,28/8/2000
-9765,/X:E8,FALSE,6/9/2000
-2981,.?=<5,TRUE,25/9/2000
-3813,8RKOR,FALSE,27/9/2000
-9606,G;R<P,FALSE,6/10/2000
-3102,ZUI>I,FALSE,6/10/2000
-8981,15:6=,FALSE,7/10/2000
-8013,S:8A-,FALSE,11/10/2000
-5025,3QO:9,TRUE,20/10/2000
-1637,=CTFH,FALSE,21/10/2000
-7751,E6VP7,FALSE,28/10/2000
-1875,=7NF-,TRUE,11/11/2000
-928,AZRKU,TRUE,18/11/2000
-939,D/J@H,TRUE,27/11/2000
-7818,HAYZX,FALSE,2/12/2000
-7048,K19@K,FALSE,5/12/2000
-5342,@C:16,FALSE,8/12/2000
-2668,9NFVO,FALSE,12/12/2000
-3319,TT/4<,FALSE,27/12/2000
-4454,@0X;4,TRUE,1/1/2001
-9516,;T-PB,FALSE,10/1/2001
-7084,A<?OT,FALSE,28/1/2001
-777,BQE5D,FALSE,3/2/2001
-2304,0<S8R,TRUE,7/2/2001
-5218,X<R5>,FALSE,8/2/2001
-6626,IO.0H,TRUE,9/2/2001
-9599,8=>1B,TRUE,12/2/2001
-4668,C2TOP,FALSE,20/2/2001
-5833,OM1@9,FALSE,21/2/2001
-7356,DOBF<,TRUE,25/2/2001
-8570,1;9UL,FALSE,28/2/2001
-6206,AGQQ-,FALSE,4/3/2001
-4913,/;O;R,FALSE,8/3/2001
-9395,5D;>-,TRUE,13/3/2001
-8616,=I;3V,TRUE,13/3/2001
-3594,ZTG.Y,TRUE,17/3/2001
-5446,IZ.;N,TRUE,20/3/2001
-4031,NAN7D,TRUE,20/3/2001
-1532,H181R,FALSE,26/3/2001
-2441,=LV7E,TRUE,3/4/2001
-9720,KOM2R,FALSE,3/4/2001
-8564,/5/:1,TRUE,6/4/2001
-2597,S6H7A,FALSE,15/4/2001
-7846,CZJ85,TRUE,18/4/2001
-975,/=MEF,TRUE,20/4/2001
-1660,B1K=W,TRUE,22/4/2001
-9251,E21TY,TRUE,27/4/2001
-7990,IJ/1K,TRUE,27/4/2001
-3716,=YWT7,FALSE,1/5/2001
-7037,ECXF=,TRUE,1/5/2001
-5560,/TTK8,FALSE,5/5/2001
-2080,>44<E,TRUE,5/5/2001
-9156,U@CUQ,TRUE,5/5/2001
-2907,:SCW:,TRUE,14/5/2001
-6065,XP7GF,TRUE,16/5/2001
-8192,P3UIB,FALSE,9/6/2001
-8750,08OUO,FALSE,15/6/2001
-8861,Z04AP,FALSE,15/6/2001
-1037,W9J52,FALSE,22/6/2001
-4113,X66FN,FALSE,27/6/2001
-1630,M066:,TRUE,18/7/2001
-4954,E7@?2,TRUE,26/7/2001
-455,A-QP;,FALSE,27/7/2001
-1214,2K=-F,TRUE,28/7/2001
-4385,QI-<@,TRUE,2/8/2001
-3838,G;=TS,TRUE,9/8/2001
-8599,?L?82,TRUE,18/8/2001
-5791,T@HZP,FALSE,23/8/2001
-4627,3;BUC,FALSE,2/9/2001
-1449,RT3UE,FALSE,6/9/2001
-4207,QXP<5,FALSE,7/9/2001
-6876,ZBD=;,TRUE,10/9/2001
-2035,.Q3NH,FALSE,17/9/2001
-3894,@UIV9,FALSE,21/9/2001
-4391,IZ2C2,TRUE,8/10/2001
-5969,AH3T5,FALSE,13/10/2001
-441,OY9?:,FALSE,13/10/2001
-374,7F67<,FALSE,9/11/2001
-2599,-?ILI,FALSE,13/11/2001
-7646,7-0F-,FALSE,14/11/2001
-2738,/?7.E,TRUE,22/11/2001
-2386,=1=64,FALSE,24/11/2001
-2358,ZC245,FALSE,1/12/2001
-9945,/BJ1E,TRUE,4/12/2001
-8324,BCORR,FALSE,5/12/2001
-5221,17CC-,TRUE,8/12/2001
-2853,3?3J7,TRUE,17/12/2001
-7510,0HAA5,TRUE,19/12/2001
-1241,0G?G6,FALSE,21/12/2001
-2822,JD1F4,FALSE,23/12/2001
-2909,/E@-C,TRUE,1/1/2002
-1303,TOB1=,TRUE,3/1/2002
-2741,6:.4.,TRUE,8/2/2002
-4855,PLFK2,TRUE,11/2/2002
-2204,Z?D-K,FALSE,11/2/2002
-6769,NASAS,TRUE,16/2/2002
-1965,;TT-3,TRUE,19/2/2002
-3661,>EUZ8,TRUE,23/2/2002
-8580,<WPR?,TRUE,5/3/2002
-7583,O1KJF,TRUE,8/3/2002
-3066,I@@SM,FALSE,16/3/2002
-8527,G7BFG,FALSE,27/3/2002
-4909,O3>L6,FALSE,28/3/2002
-2240,E<2;G,TRUE,13/4/2002
-3468,=?S2>,TRUE,17/4/2002
-211,<.TZ=,FALSE,18/4/2002
-9134,X8KLF,FALSE,20/4/2002
-4507,A/HSG,TRUE,25/4/2002
-8527,I709;,TRUE,26/4/2002
-2169,/H>G6,TRUE,3/5/2002
-8580,635.5,TRUE,4/5/2002
-3557,Z5FAU,FALSE,11/5/2002
-5815,BA-IY,TRUE,13/5/2002
-8566,H/3KR,FALSE,16/5/2002
-6259,HTLMZ,FALSE,23/5/2002
-4859,UO5CS,TRUE,13/6/2002
-7965,UN<VQ,TRUE,22/6/2002
-1316,1RMCZ,TRUE,23/6/2002
-8079,JV3.T,FALSE,25/6/2002
-7169,-GWYQ,FALSE,27/6/2002
-1876,7DXWO,TRUE,3/7/2002
-2114,.M3M8,FALSE,4/7/2002
-497,3-3O>,TRUE,7/7/2002
11,N/-L9,TRUE,8/7/2002
-1028,7>FLH,TRUE,16/7/2002
-7466,@</N0,FALSE,16/7/2002
-7129,I0?0A,TRUE,21/7/2002
-8852,U5E0/,FALSE,28/7/2002
-1991,BC04M,FALSE,1/8/2002
-5244,TPIJA,TRUE,1/8/2002
-2952,S;N>8,TRUE,4/8/2002
-4225,QY/2T,TRUE,15/8/2002
-2497,:-H=>,FALSE,23/8/2002
-9237,Y1RKC,TRUE,26/8/2002
-5907,ZIN-U,TRUE,26/8/2002
-3004,VIOX;,FALSE,3/9/2002
-7768,7P3GF,TRUE,16/9/2002
-1576,CGO>:,TRUE,22/9/2002
-4366,7=6NF,TRUE,21/10/2002
-6779,5>@4.,FALSE,26/10/2002
-6145,/CQ7=,TRUE,27/10/2002
-7827,<@BVT,FALSE,1/12/2002
-7191,48-3B,FALSE,3/12/2002
-2163,H?3C;,FALSE,7/12/2002
-5871,/2U:K,FALSE,10/12/2002
-644,T?JM>,FALSE,10/12/2002
-9208,U7WD2,FALSE,10/12/2002
-4797,G?SGK,FALSE,11/12/2002
-1446,69RN7,FALSE,28/12/2002
-312,LU3=T,TRUE,14/1/2003
-5237,:<0WL,TRUE,17/1/2003
-6044,0JJJY,TRUE,25/1/2003
-8972,<RVHI,FALSE,26/1/2003
-479,ZC4E4,FALSE,3/2/2003
-9525,9TTER,TRUE,7/2/2003
-7205,.PFA/,TRUE,10/2/2003
-7196,W3CK1,TRUE,12/2/2003
-9213,IET<K,FALSE,13/2/2003
-6180,;/5N=,TRUE,18/2/2003
-4066,-FR@@,FALSE,19/2/2003
-9429,W?.9U,TRUE,19/2/2003
-7191,8HYGZ,FALSE,28/2/2003
-9268,-==T6,FALSE,3/3/2003
-1644,:<=4Q,FALSE,3/3/2003
-4378,0V5A6,TRUE,5/3/2003
-7019,:PYBV,FALSE,8/3/2003
-6615,88M?/,FALSE,26/3/2003
-6955,EB:64,FALSE,4/4/2003
-2102,>Q.ML,TRUE,13/4/2003
-7726,L036F,FALSE,20/4/2003
-1038,T/1FI,FALSE,22/4/2003
-9098,</4O9,TRUE,26/5/2003
-9540,@949V,TRUE,28/5/2003
-7494,91BU@,FALSE,10/6/2003
-7682,6T2>E,FALSE,13/6/2003
-8597,U05B.,TRUE,18/6/2003
-5447,:H:L;,TRUE,23/6/2003
-9692,A1V:N,TRUE,25/6/2003
-5641,E4CN6,FALSE,25/6/2003
-1605,-HDSJ,TRUE,4/7/2003
-9811,?Y0YC,TRUE,12/7/2003
-8945,6A3NZ,FALSE,16/7/2003
-9132,<.L84,TRUE,21/7/2003
-2823,@2L1:,TRUE,26/7/2003
-7885,?3PU8,TRUE,9/8/2003
-4302,RZLI<,TRUE,9/8/2003
-2047,BT665,TRUE,13/8/2003
-8636,8MSZ0,TRUE,17/8/2003
-3485,/?URH,FALSE,19/8/2003
-5608,ZH/3F,FALSE,19/8/2003
-2084,93?KA,TRUE,23/8/2003
-5480,>MI<4,FALSE,25/8/2003
-3635,J;M<U,FALSE,28/8/2003
-5135,S:<M/,FALSE,2/9/2003
-1903,P61F<,TRUE,6/9/2003
-794,=/<3=,TRUE,22/9/2003
-7329,ONINB,FALSE,7/10/2003
-6402,T5Y.?,FALSE,14/10/2003
-1514,VXK7X,TRUE,20/10/2003
-4027,M>T/J,FALSE,21/10/2003
-3804,KA<VV,TRUE,27/10/2003
-1893,Q7FMM,TRUE,1/11/2003
-2629,QTN=H,TRUE,9/11/2003
-3630,X>Q=2,FALSE,9/11/2003
-8461,C=4/S,FALSE,10/11/2003
-7857,;0U>Y,FALSE,15/11/2003
-8059,9Y5BL,TRUE,17/11/2003
-5477,52QT<,TRUE,19/11/2003
-9766,.=-K.,TRUE,20/11/2003
-6690,RX1P:,TRUE,21/11/2003
-6112,@2DO9,FALSE,3/12/2003
-3175,HASVF,FALSE,6/12/2003
-1530,/QGT9,FALSE,8/12/2003
-9183,@N.DN,FALSE,9/12/2003
-7261,NKO4L,FALSE,11/12/2003
-5319,5.2UW,TRUE,12/12/2003
-2604,O99<M,FALSE,13/12/2003
-2761,0?192,FALSE,19/12/2003
-7308,WDKL3,TRUE,20/12/2003
-2478,PU37B,FALSE,23/12/2003
-7517,0@H.I,FALSE,27/12/2003
-7326,:6YW3,TRUE,4/1/2004
-6302,6G@7G,FALSE,5/1/2004
-2934,705R?,TRUE,19/1/2004
-7567,?P?KD,TRUE,21/1/2004
-3751,A-E@/,FALSE,23/1/2004
-505,;ENS-,TRUE,25/1/2004
-3709,GONHW,TRUE,25/1/2004
-5925,.VMJL,FALSE,4/2/2004
-1708,?K5MU,FALSE,16/2/2004
-5433,225UO,TRUE,27/2/2004
-4706,JBWZ@,TRUE,1/3/2004
-6960,UF2XX,TRUE,1/3/2004
-5692,.:OHG,FALSE,10/3/2004
-228,ESS3U,TRUE,10/3/2004
-2487,X3S4W,TRUE,10/3/2004
-4774,X3<BD,FALSE,13/3/2004
-823,-HA31,TRUE,22/3/2004
-3340,?0J8L,FALSE,23/3/2004
-2679,ZP?0Y,TRUE,24/3/2004
-8687,-=PJ9,FALSE,28/3/2004
-3651,5M-PF,TRUE,5/4/2004
-2532,>N>DR,TRUE,11/4/2004
-5987,X6BD5,FALSE,23/4/2004
-1563,OS?</,TRUE,24/4/2004
-5316,1?BZ9,TRUE,6/5/2004
-4109,IR=6G,FALSE,7/5/2004
-102,M=<2>,TRUE,9/5/2004
-3523,TKZU3,TRUE,9/5/2004
-2485,:RF2P,FALSE,11/5/2004
-7858,I7ZDA,TRUE,11/5/2004
-9774,J;QB3,TRUE,12/5/2004
-421,B-J<?,FALSE,16/5/2004
-1324,<?<:V,FALSE,28/5/2004
-5918,U.<OB,TRUE,28/5/2004
-4645,C.1M9,FALSE,3/6/2004
-2137,BZ53N,TRUE,7/6/2004
-2450,;4ZPM,TRUE,10/6/2004
-5964,.7JNU,FALSE,11/6/2004
-9819,B=QOR,TRUE,16/6/2004
-7342,R@2JD,TRUE,24/6/2004
-3411,Q7BYZ,FALSE,25/6/2004
-1971,QGJQ1,FALSE,14/7/2004
-1104,QRZF1,TRUE,14/7/2004
-4150,VI0OY,FALSE,21/7/2004
-3951,B;N3G,FALSE,27/7/2004
-9164,88>CD,FALSE,28/7/2004
-7504,-MBFP,FALSE,9/8/2004
-3457,N@0F=,TRUE,14/8/2004
-2785,5//LW,TRUE,17/8/2004
-2383,M8?MQ,TRUE,18/8/2004
-6757,>289E,FALSE,24/8/2004
-5185,ZW8EE,TRUE,27/8/2004
-434,A:9-Z,FALSE,4/9/2004
-4694,IC9UO,FALSE,7/9/2004
-7850,AS6XX,FALSE,17/9/2004
-6983,3-G;<,FALSE,23/9/2004
-818,PA7EE,TRUE,2/10/2004
-4748,A8FGS,FALSE,4/10/2004
-5227,7MPC-,TRUE,10/10/2004
-9941,02Z5=,FALSE,14/10/2004
-3571,KBTX4,FALSE,26/10/2004
-1576,KM>B5,FALSE,3/11/2004
-321,1RI1L,FALSE,6/11/2004
-5811,4@:4V,TRUE,13/11/2004
-7033,0BNDW,FALSE,21/11/2004
-5339,?D/4=,FALSE,5/12/2004
-9685,QZKXA,TRUE,6/12/2004
-3333,:8E5C,TRUE,7/12/2004
-6269,>ZS?F,FALSE,7/12/2004
-722,O4>0=,TRUE,10/12/2004
-300,@<3-T,FALSE,12/12/2004
-8980,>8S.A,TRUE,5/1/2005
-46,9TPTH,FALSE,9/1/2005
120,TCKXV,TRUE,10/1/2005
-339,ZMQ4=,TRUE,12/1/2005
-4769,F<373,TRUE,15/1/2005
-9835,OAYIR,FALSE,17/1/2005
-5261,1N7>:,TRUE,24/1/2005
-2758,3M28@,FALSE,1/2/2005
-174,Z=SRF,FALSE,1/2/2005
-5675,SCGH9,TRUE,7/2/2005
-9500,?WTEQ,TRUE,8/2/2005
-3420,Y-6LQ,FALSE,14/2/2005
-2038,P5GQ4,FALSE,18/2/2005
-1655,/8B/O,TRUE,24/2/2005
-6593,O8WT7,TRUE,16/3/2005
-5319,URRLS,FALSE,18/3/2005
-1217,UA1/>,TRUE,25/3/2005
-2871,8C?FM,TRUE,27/3/2005
-5218,NFFCE,TRUE,1/4/2005
-6226,OD.E<,TRUE,2/4/2005
-7672,80ZCI,TRUE,17/4/2005
-3776,<53U8,FALSE,26/4/2005
-5556,Q9=1R,TRUE,7/5/2005
-7145,N.ZHC,FALSE,10/5/2005
-7374,=;:-V,TRUE,17/5/2005
-2719,PEB:;,FALSE,18/5/2005
-9973,EN8MT,TRUE,20/5/2005
-9619,BRA=E,FALSE,28/5/2005
-9570,5@E?L,FALSE,10/6/2005
-6987,Y<FT5,TRUE,10/6/2005
-249,/CY>C,FALSE,21/6/2005
-1100,HY0/6,FALSE,21/6/2005
-1100,W/8IP,FALSE,21/6/2005
-760,1C12;,TRUE,4/7/2005
-3155,OR6<7,FALSE,8/7/2005
-7047,9<>KO,FALSE,12/7/2005
-6105,A.EM;,TRUE,13/7/2005
-4603,A0WNM,FALSE,18/7/2005
-3122,V5O/0,FALSE,20/7/2005
-1536,MC-PJ,FALSE,23/7/2005
-8100,IQ6.4,TRUE,26/7/2005
-4242,YLWVF,TRUE,28/7/2005
-8760,1APDJ,FALSE,14/8/2005
-6009,V76P4,FALSE,14/8/2005
-5856,QRIOF,FALSE,16/8/2005
-8899,QM/2S,FALSE,21/8/2005
-9524,NG=C:,FALSE,12/9/2005
-1973,F<3KY,FALSE,20/9/2005
-3254,XBD9R,TRUE,1/10/2005
-6488,TIJKC,TRUE,2/10/2005
-4199,=1/92,TRUE,8/10/2005
-9226,U9JYF,TRUE,11/10/2005
-1637,RFBLT,TRUE,13/10/2005
-1653,-PE<.,FALSE,17/10/2005
-6850,/Q5UT,TRUE,26/10/2005
-3968,=ISXC,TRUE,4/11/2005
-6148,5WQ.Q,FALSE,5/11/2005
-2933,OL3-Y,FALSE,6/11/2005
-3548,FLQZ3,FALSE,9/11/2005
-7802,QD.9M,FALSE,10/11/2005
-3596,4TFZL,FALSE,13/11/2005
-6646,39<=/,FALSE,1/12/2005
-5235,R0W-.,FALSE,1/12/2005
-6707,YU@V6,TRUE,12/12/2005
-6071,R>;6=,FALSE,25/12/2005
-3554,P2G/H,TRUE,27/12/2005
-9271,10D=E,FALSE,5/1/2006
-557,S//1K,TRUE,8/1/2006
-2686,VD/O4,FALSE,10/1/2006
-5922,?1:H;,TRUE,14/1/2006
-9461,TW2LB,TRUE,18/1/2006
-172,2N>LL,FALSE,1/2/2006
-4344,7OU?I,FALSE,8/2/2006
-4897,W308O,TRUE,17/2/2006
-3088,MN0O6,FALSE,18/2/2006
-1092,?:?LQ,TRUE,20/2/2006
-4655,ACI?-,TRUE,22/2/2006
-1358,.73FK,FALSE,4/3/2006
-4442,SR>=-,TRUE,16/3/2006
-4325,-KRQ9,FALSE,20/3/2006
-1063,2Y010,TRUE,22/3/2006
-6409,BWJH4,TRUE,23/3/2006
-183,XN1SC,FALSE,23/3/2006
-1142,P><6:,FALSE,27/3/2006
20,51YJ7,FALSE,28/3/2006
-8174,2PBWJ,FALSE,2/4/2006
-6298,2=YLH,TRUE,12/4/2006
-4755,O-8CL,FALSE,12/4/2006
-2159,C6D73,TRUE,15/4/2006
-7766,VO26P,FALSE,17/4/2006
-7866,CLKNB,TRUE,26/4/2006
-550,/2L??,TRUE,3/5/2006
-9167,P6-LT,TRUE,5/5/2006
-2501,U@TT:,TRUE,11/5/2006
-9171,IS33V,FALSE,5/6/2006
-6055,8X2BH,TRUE,7/6/2006
-2989,AIQLB,TRUE,10/6/2006
-4753,TY/DZ,TRUE,12/6/2006
-6158,K:EZ3,TRUE,13/6/2006
-1262,RA3CF,TRUE,15/6/2006
-5005,/5BH;,TRUE,18/6/2006
-4206,0YS2;,FALSE,25/6/2006
-8570,VKL<>,TRUE,5/7/2006
-3172,K>WD@,FALSE,11/7/2006
-5322,3<L:U,FALSE,14/7/2006
-601,/0;.5,FALSE,15/7/2006
-7246,V5>C8,FALSE,16/7/2006
-3597,F0UZE,FALSE,21/7/2006
-3144,WHN8;,FALSE,13/8/2006
-8115,=/ODG,FALSE,24/8/2006
-6708,QL>3C,TRUE,11/9/2006
-8662,@;4;;,TRUE,21/9/2006
-6640,;SOP=,TRUE,23/9/2006
-9922,-WCKR,FALSE,25/9/2006
-9142,WN;5B,TRUE,3/10/2006
-7371,@LQX;,FALSE,4/10/2006
-6708,@2/X9,TRUE,6/10/2006
-5821,X7FQU,FALSE,8/10/2006
-1240,P0SG>,TRUE,17/10/2006
-7496,LUU2E,FALSE,22/10/2006
-8447,S3/Q1,FALSE,22/10/2006
-6065,PL/YM,TRUE,23/10/2006
-8865,J?0DS,TRUE,5/11/2006
-7309,=6XUS,FALSE,6/11/2006
-4182,7NSV2,TRUE,9/11/2006
-7307,90:G9,TRUE,12/11/2006
-3009,<TKU7,FALSE,21/11/2006
-3842,9UXI=,FALSE,25/11/2006
-1820,98KXZ,TRUE,27/11/2006
-8728,?F0CN,FALSE,1/12/2006
-8233,JBU>D,TRUE,3/12/2006
-3456,:6OD-,FALSE,8/12/2006
-8607,P1.@-,TRUE,8/12/2006
-466,5WQEE,FALSE,12/12/2006
-8391,TX/LC,TRUE,13/12/2006
-3278,84MYS,TRUE,14/12/2006
-6028,JAGZ6,TRUE,14/12/2006
-6967,N1VL<,TRUE,14/12/2006
-233,VG5GV,TRUE,14/12/2006
-5961,WX516,FALSE,21/12/2006
-1602,>K:VA,FALSE,2/1/2007
-4837,:XTLI,FALSE,3/1/2007
-7123,CNW4N,TRUE,8/1/2007
-8763,B-14-,TRUE,10/1/2007
-1643,F3XTP,TRUE,14/1/2007
-3131,GBA9?,FALSE,18/1/2007
-7767,C>/IT,FALSE,27/1/2007
-3413,VTEQ4,TRUE,27/1/2007
-3597,8A5KN,TRUE,1/2/2007
-6257,Q5YFL,TRUE,4/2/2007
-5150,=6/1A,TRUE,9/2/2007
-6805,38T0Z,FALSE,12/2/2007
-8154,Y7.GD,FALSE,17/2/2007
-7453,4PN:=,FALSE,21/2/2007
-4660,0??W1,FALSE,24/2/2007
-8898,0PRS8,FALSE,28/2/2007
-3207,PKQ98,FALSE,4/3/2007
-5511,P->-:,FALSE,8/3/2007
-1778,1P<1L,FALSE,15/3/2007
-3777,OCU0B,FALSE,20/3/2007
-6772,IN?@2,FALSE,26/3/2007
-5171,AWXVR,FALSE,4/4/2007
-9887,A7;7J,FALSE,8/4/2007
-4348,>NY2.,TRUE,10/4/2007
-1436,3HHL;,TRUE,14/4/2007
-5189,KWGDN,TRUE,17/4/2007
-5036,-:-S7,FALSE,18/4/2007
-8127,UCJPQ,FALSE,19/4/2007
-2818,I57C3,TRUE,22/4/2007
-6502,Y96=?,TRUE,25/4/2007
-6455,-AG.6,FALSE,13/5/2007
-2638,5UL6F,FALSE,16/5/2007
-6652,C-G>5,FALSE,18/5/2007
-2052,J6?/Q,TRUE,22/5/2007
-1607,KZ.Q3,FALSE,26/5/2007
-3373,/BB/U,FALSE,28/5/2007
-8962,;MRY6,TRUE,1/6/2007
-8014,E6CL:,TRUE,1/6/2007
-3229,.?-LE,FALSE,2/6/2007
-7033,SHMUB,TRUE,23/6/2007
-8385,X4G0T,TRUE,1/7/2007
-2322,>-QOB,TRUE,2/7/2007
-5654,X;BT9,TRUE,13/7/2007
-302,USKJ;,TRUE,7/8/2007
-1046,EDO9C,FALSE,22/8/2007
-7585,4R=<3,TRUE,24/8/2007
-443,OBGNG,TRUE,7/9/2007
-1479,1VI1H,TRUE,14/9/2007
146,H8FTQ,FALSE,20/9/2007
-5854,K<F=.,TRUE,1/10/2007
-5161,XRDXO,TRUE,1/10/2007
-6781,;S=P6,FALSE,2/10/2007
-7179,M?UCM,FALSE,11/10/2007
-9516,98QN;,TRUE,17/10/2007
-7444,VM@6:,TRUE,23/10/2007
-4833,0KY0K,TRUE,25/10/2007
-1868,=1U9M,FALSE,25/10/2007
-8616,C:4HK,TRUE,25/10/2007
-9406,-TI..,FALSE,1/11/2007
-5310,;T4=F,TRUE,2/11/2007
-2308,RB:UY,FALSE,9/11/2007
-1896,GIH@R,FALSE,10/11/2007
-4931,WK9@5,TRUE,13/11/2007
-6975,7?-<H,TRUE,14/11/2007
-4258,P.IKT,FALSE,16/11/2007
-3038,81X6R,TRUE,17/11/2007
-2254,C6DPS,TRUE,17/11/2007
-3379,=>M=Q,TRUE,20/11/2007
-9562,JJ<8@,FALSE,27/11/2007
-3660,>RI>>,TRUE,9/12/2007
-6192,6<AK<,TRUE,20/12/2007
-9202,@N>5Q,FALSE,1/1/2008
-8451,UVN3C,FALSE,1/1/2008
-1481,Y>U@S,TRUE,4/1/2008
-5528,PPN79,TRUE,20/1/2008
-4150,0WT3.,FALSE,21/1/2008
-7542,IH6AB,FALSE,24/1/2008
-2625,=W3TA,TRUE,25/1/2008
-1619,-9FCA,FALSE,27/1/2008
-7902,;85:0,FALSE,20/2/2008
-6270,YRQ?5,FALSE,27/2/2008
-8436,=1T-V,TRUE,5/3/2008
-3577,EET;P,FALSE,5/3/2008
-170,I-GES,FALSE,10/3/2008
223,C31N2,FALSE,18/3/2008
-8753,TP001,TRUE,19/3/2008
-4961,G5<ZM,FALSE,20/3/2008
-9556,61UGJ,TRUE,21/3/2008
-8836,@?P<9,TRUE,6/4/2008
-5824,NM7VO,FALSE,7/4/2008
-7665,C4H:L,FALSE,10/4/2008
-7966,O=1?G,TRUE,11/4/2008
-866,QPK-@,TRUE,14/4/2008
-356,2<AL7,FALSE,1/5/2008
-8473,BX30F,FALSE,5/5/2008
-9331,774DJ,FALSE,13/5/2008
-9762,J3TX:,FALSE,15/5/2008
-5562,;N0CB,TRUE,18/5/2008
-8749,ON=/6,FALSE,21/5/2008
-855,T?I3F,TRUE,23/5/2008
-2321,0WIFK,FALSE,24/5/2008
-5612,MZMFA,FALSE,25/5/2008
-4162,/X.MT,TRUE,3/6/2008
-5939,F09TD,TRUE,9/6/2008
-4517,0BJ1A,TRUE,20/6/2008
-6926,NW.85,FALSE,27/6/2008
-789,V/6S0,TRUE,27/6/2008
-9245,EL6-T,FALSE,20/7/2008
-3671,QNFXF,FALSE,1/8/2008
-85,T@9R8,TRUE,1/8/2008
-3853,:7CR6,FALSE,6/8/2008
-2450,JA=H1,FALSE,15/8/2008
-9243,:UROJ,FALSE,17/8/2008
-9466,JSRYU,TRUE,22/8/2008
-5362,WRURC,FALSE,23/8/2008
-5285,7-V?B,TRUE,27/8/2008
-7854,;S1RY,FALSE,27/8/2008
-2017,R65K-,FALSE,1/9/2008
-4289,07=-V,TRUE,5/9/2008
-7231,FF5YA,TRUE,8/9/2008
-1818,VBMB=,FALSE,10/9/2008
-7096,WG4BL,TRUE,15/9/2008
-515,0;<QD,TRUE,16/9/2008
-6511,U;M5F,TRUE,20/9/2008
-4512,.>MDT,TRUE,22/9/2008
-4639,LW=B5,FALSE,2/10/2008
-3057,/T10.,FALSE,11/10/2008
-8190,-HPQH,FALSE,17/10/2008
-2619,MYI2S,TRUE,21/10/2008
-8662,94T@R,FALSE,28/10/2008
-9084,=0G=I,TRUE,2/11/2008
-3171,:.X0H,TRUE,5/11/2008
-7306,BC4XW,TRUE,5/11/2008
-1265,Y>M<6,FALSE,15/11/2008
-557,9:3JO,TRUE,19/11/2008
-529,:NIB4,TRUE,19/11/2008
-8258,@:X.;,FALSE,26/11/2008
-7669,@TL4W,TRUE,28/11/2008
-7303,PS7RY,TRUE,5/12/2008
-5774,WXK9G,TRUE,7/12/2008
-3810,@LA:G,TRUE,8/12/2008
-299,F84-W,TRUE,11/12/2008
-6224,5K@W=,TRUE,15/12/2008
-7648,/PLGJ,FALSE,17/12/2008
-1009,V;VA3,FALSE,6/1/2009
-1058,RVLB9,FALSE,7/1/2009
-4627,P<IJ0,TRUE,12/1/2009
-4466,5M7=:,FALSE,13/1/2009
-3105,G;.I?,TRUE,13/1/2009
-3908,58/10,FALSE,26/1/2009
-6415,.SE-/,FALSE,5/2/2009
-2844,P7-4C,TRUE,12/2/2009
-5385,Y8E<-,FALSE,19/2/2009
-4097,-8EN4,FALSE,20/2/2009
107,1NZQ>,TRUE,24/2/2009
-6061,>KQL/,TRUE,27/2/2009
-3508,::=CA,FALSE,2/3/2009
-1722,UQHE0,TRUE,4/3/2009
-2510,5LK2I,TRUE,14/3/2009
-944,3F?:G,TRUE,18/3/2009
-4341,JIN>F,TRUE,19/3/2009
-889,QRJ?E,FALSE,19/3/2009
-4875,@ES<P,FALSE,18/4/2009
-4027,8P28.,TRUE,23/4/2009
-1944,;M7XK,TRUE,2/5/2009
-1322,Z4NPO,FALSE,3/5/2009
-1004,<HKO8,FALSE,9/5/2009
-7193,7950Y,FALSE,11/5/2009
-3,D6XTH,TRUE,13/5/2009
-8294,ZSRKT,TRUE,16/5/2009
-7807,4PJ3E,TRUE,19/5/2009
-8191,-Y4VR,FALSE,4/6/2009
-1732,RK-D9,TRUE,5/6/2009
-4399,:6W1F,FALSE,9/7/2009
-2104,AKHYU,FALSE,9/7/2009
-2790,QDACI,FALSE,13/7/2009
-4404,3P.3Q,FALSE,16/7/2009
-2227,=UVG?,TRUE,23/7/2009
-1383,ZXD:Y,TRUE,23/7/2009
-8244,JP;.S,FALSE,28/7/2009
-8468,S3N=U,FALSE,28/7/2009
-7256,BE?YY,FALSE,24/8/2009
-7621,J1XKS,TRUE,27/8/2009
-4820,=R-1<,FALSE,7/9/2009
-6838,.JDZS,TRUE,24/9/2009
-7703,I7..?,TRUE,27/9/2009
-9749,43Z88,TRUE,28/9/2009
-8157,LG.4M,FALSE,5/10/2009
-7505,OP7NK,FALSE,5/10/2009
-8093,QUV.<,TRUE,10/10/2009
-3808,?LJ3S,FALSE,12/10/2009
-8320,H=5GB,FALSE,27/10/2009
-1825,:<UU?,FALSE,4/11/2009
-9791,JXSBI,TRUE,4/11/2009
-5187,KSJVJ,TRUE,5/11/2009
-8543,/YW-I,TRUE,11/11/2009
-4191,W=:4.,TRUE,11/11/2009
-5494,IWFJV,TRUE,21/11/2009
-8076,HKSES,FALSE,28/11/2009
-4784,RI0?Y,TRUE,14/12/2009
-5014,7PQWM,TRUE,16/12/2009
-9967,/E3S?,TRUE,21/12/2009
-784,O1.?R,FALSE,21/12/2009
-3758,T4JTW,TRUE,25/12/2009
-4426,8LONY,TRUE,2/1/2010
-856,4?>D:,FALSE,11/1/2010
52,7L7:M,TRUE,20/1/2010
-3910,H<4EV,TRUE,22/1/2010
-9895,.?V2N,FALSE,23/1/2010
-1579,=3EP1,FALSE,26/1/2010
-3890,R9/SI,FALSE,3/2/2010
-2497,?C.FQ,FALSE,9/2/2010
-1669,BPZYO,TRUE,15/2/2010
-7920,L6PQ5,TRUE,20/2/2010
-4700,3SWZ4,FALSE,1/3/2010
-8722,VLE0>,TRUE,7/3/2010
316,VDJCX,TRUE,10/3/2010
-3016,WYMYW,FALSE,11/3/2010
-6507,Q1ERO,FALSE,15/3/2010
-8700,72K2K,FALSE,27/3/2010
-3192,KHH6N,FALSE,3/4/2010
-6708,?BZ7-,TRUE,10/4/2010
-1611,F:JJW,FALSE,16/4/2010
-3648,OLM27,TRUE,17/4/2010
-9550,484N>,FALSE,21/4/2010
-9393,FX/U2,FALSE,21/4/2010
-6662,L2JL3,FALSE,21/4/2010
-8951,;R:HE,TRUE,17/5/2010
-1781,/JZ/1,FALSE,20/5/2010
-8485,<2E@6,TRUE,21/5/2010
-3160,UU<:?,TRUE,24/5/2010
154,;TRR9,TRUE,26/5/2010
-191,SKS@/,TRUE,4/6/2010
-1596,?WEV2,FALSE,6/6/2010
-9947,H>/4D,FALSE,7/6/2010
-803,ZSP4M,TRUE,9/6/2010
-6193,W62=7,FALSE,12/6/2010
-619,-QTK6,TRUE,14/6/2010
-8024,N26/U,TRUE,17/6/2010
-6018,3M3WQ,FALSE,28/6/2010
-7148,@NOA<,FALSE,4/7/2010
-869,2-8CF,TRUE,15/7/2010
-1057,E9H>Q,TRUE,18/8/2010
-8346,<PB:6,FALSE,1/9/2010
-1863,CTYL;,FALSE,1/9/2010
-6622,OPH3I,FALSE,1/9/2010
-9802,U75X=,FALSE,6/9/2010
-4061,U-R@N,TRUE,9/9/2010
-9648,XZ21O,FALSE,10/9/2010
-7048,KHQX5,FALSE,14/9/2010
-8738,J4H6W,FALSE,16/9/2010
-6273,4R6SH,FALSE,24/9/2010
-5623,@74H1,FALSE,28/9/2010
-8458,FHEIJ,FALSE,5/10/2010
-1385,:G/M-,FALSE,17/10/2010
-719,Y<MH-,TRUE,23/10/2010
-4595,Y9P;?,FALSE,25/10/2010
-1525,BOCF2,FALSE,26/10/2010
-2031,F?GO-,FALSE,27/10/2010
-6702,YP2MM,FALSE,6/11/2010
-652,-5FNS,TRUE,10/11/2010
-1283,BRU;N,FALSE,10/11/2010
-5664,@>C3A,TRUE,11/11/2010
-1452,@;U43,TRUE,12/11/2010
-7599,1A>/-,FALSE,14/11/2010
-9958,6SV-J,FALSE,15/11/2010
-3161,:Y3DT,TRUE,5/12/2010
-8030,R@?:F,TRUE,7/12/2010
-2611,6EUX8,TRUE,10/12/2010
-8303,EMGL5,FALSE,10/12/2010
-1594,QPXLR,FALSE,10/12/2010
-6577,01K8:,TRUE,27/12/2010
-5906,HGV04,TRUE,4/1/2011
-4641,.;WY6,TRUE,6/1/2011
-4338,X/U9J,TRUE,13/1/2011
-7020,5RT-J,TRUE,17/1/2011
-299,55QX.,FALSE,7/2/2011
-7681,R<81R,TRUE,12/2/2011
-6836,1ZA-0,TRUE,13/2/2011
-5815,3EDEV,TRUE,13/2/2011
-6248,/PF8.,FALSE,16/2/2011
-4012,S3DLQ,FALSE,18/2/2011
-1976,Z9L:E,TRUE,26/2/2011
-7826,?VQFS,TRUE,5/3/2011
-7106,25A?Z,TRUE,21/3/2011
-852,3/AU4,TRUE,25/3/2011
-3945,1S<X0,FALSE,3/4/2011
-3593,B/1.O,FALSE,3/4/2011
-3029,39YB@,TRUE,8/4/2011
-6837,0ZQP-,TRUE,17/4/2011
-9916,B=B/-,FALSE,17/4/2011
-238,EBX>Q,FALSE,22/4/2011
183,Q3FFS,TRUE,25/4/2011
-2432,NIG2<,FALSE,3/5/2011
-7372,ZV7VV,FALSE,5/5/2011
-8212,K=VVQ,FALSE,9/5/2011
-8809,K4I6S,TRUE,21/5/2011
-4548,GFRL.,FALSE,22/5/2011
-6246,4PDO8,TRUE,27/5/2011
-5171,M?T7M,FALSE,6/6/2011
-1456,:G:C?,FALSE,12/6/2011
-7302,W7IEN,TRUE,16/6/2011
-5806,GD>JQ,FALSE,20/6/2011
-994,1RV4P,TRUE,4/7/2011
-3763,>KEG>,FALSE,4/7/2011
-5523,TAB.8,TRUE,15/7/2011
-9664,;97QL,FALSE,17/7/2011
-815,Q>L7L,FALSE,24/7/2011
-8953,R.5WW,TRUE,1/8/2011
-3449,ST4NF,TRUE,5/8/2011
-5807,:ZNRB,FALSE,9/8/2011
-2003,LJKX7,TRUE,12/8/2011
-9917,CO;7Z,TRUE,17/8/2011
-5370,5YCN?,FALSE,21/8/2011
-9219,6Y<JW,FALSE,25/8/2011
-800,Q;GZB,FALSE,26/8/2011
-5621,B;@Z/,FALSE,1/9/2011
-1041,ZK-2T,FALSE,14/9/2011
254,U=P5P,FALSE,24/9/2011
-3410,DNJ=X,FALSE,3/10/2011
-6482,;KCQU,FALSE,13/10/2011
-4796,I.CS8,TRUE,22/10/2011
-9759,GZM:N,FALSE,28/10/2011
-160,55?<X,FALSE,1/11/2011
-279,L0<P6,FALSE,9/11/2011
-7079,AM0QY,FALSE,20/11/2011
-9331,=0J7Z,TRUE,24/11/2011
-5000,>=F@Q,TRUE,25/11/2011
-6486,.4V7Q,FALSE,27/11/2011
-5902,C8Y6>,FALSE,28/11/2011
-7462,RD?AZ,TRUE,16/12/2011
-4772,CYST.,TRUE,26/12/2011
-6233,>5A8-,FALSE,5/1/2012
-9146,1WR9>,FALSE,8/1/2012
-2027,:-A4K,TRUE,8/1/2012
-4432,T.CBR,TRUE,12/1/2012
-1798,9U1RO,FALSE,28/1/2012
113,1L:40,FALSE,2/2/2012
-6087,M2>63,FALSE,4/2/2012
-3808,O?W/H,TRUE,4/2/2012
-6854,.NQMK,TRUE,8/2/2012
-952,GUT55,FALSE,8/2/2012
-3462,U43>/,FALSE,19/2/2012
-254,YHN6?,FALSE,19/2/2012
-1384,KZT05,TRUE,20/2/2012
-1270,FO4R:,TRUE,28/2/2012
-556,W<A.X,TRUE,3/3/2012
-523,V759>,FALSE,8/3/2012
-4652,BXEM=,FALSE,17/3/2012
-471,/=LF7,FALSE,16/4/2012
-3182,4?P-B,FALSE,2/5/2012
-7273,>YZ9B,TRUE,5/5/2012
-6467,F;<OT,FALSE,14/5/2012
-5176,FJJ8H,TRUE,18/5/2012
-3198,0CMQ5,FALSE,21/5/2012
-5233,9WK>W,FALSE,3/6/2012
-5260,;RA>/,FALSE,3/6/2012
-691,NBL0G,TRUE,18/6/2012
-7719,<MP42,TRUE,24/6/2012
-8887,G6JPB,TRUE,1/7/2012
-119,IGT?A,FALSE,3/7/2012
-2769,LTORV,TRUE,3/7/2012
-6990,Y@0VF,TRUE,7/7/2012
-638,GXF11,TRUE,8/7/2012
-1899,E2S6E,FALSE,14/7/2012
-8395,8PL86,FALSE,17/7/2012
-9662,5=YYB,FALSE,21/7/2012
-916,NG.CO,TRUE,27/7/2012
-3106,.M=U7,TRUE,4/8/2012
-2235,E7YN0,FALSE,10/8/2012
-5937,8.E1;,TRUE,25/8/2012
-9870,CO:/Q,TRUE,11/9/2012
-6440,M?ZXG,TRUE,11/9/2012
-998,4B1<:,FALSE,4/10/2012
-9241,9BA-8,TRUE,7/10/2012
-4288,5TN@S,FALSE,14/10/2012
-5886,?L7VM,TRUE,22/10/2012
-8271,KQ2WQ,TRUE,7/11/2012
-8923,<7LU:,FALSE,13/11/2012
-2531,BZ@:K,FALSE,14/11/2012
-5899,=X6F<,TRUE,15/11/2012
-1371,HXPH0,FALSE,17/11/2012
-6262,B?U9Z,FALSE,24/11/2012
-3194,UK-O:,FALSE,24/11/2012
-5340,A5M@P,FALSE,27/11/2012
-8110,XPDJZ,FALSE,27/11/2012
-8937,<959M,TRUE,2/12/2012
-2379,<-Y@U,TRUE,3/12/2012
-7480,N<E2<,FALSE,3/12/2012
-1012,31JYH,TRUE,17/12/2012
-4737,OSAV7,TRUE,20/12/2012
-2986,24B1Y,FALSE,26/12/2012
-7198,F13LK,TRUE,26/12/2012
-69,NU.C;,FALSE,10/1/2013
-6129,GC/6<,TRUE,11/1/2013
-1016,VVFNZ,TRUE,12/1/2013
-284,M>QU1,FALSE,24/1/2013
-4801,NJV1-,TRUE,4/2/2013
-9579,BQ1Y/,FALSE,14/2/2013
-5317,29EIU,TRUE,18/2/2013
-6752,@996I,FALSE,18/2/2013
-9756,5L9E.,TRUE,24/2/2013
-4793,:RHF1,FALSE,27/2/2013
-7349,IMOTU,FALSE,3/3/2013
-8498,TPU0:,FALSE,3/3/2013
-2820,11A.M,TRUE,5/3/2013
-9405,>F?9<,TRUE,7/3/2013
-3825,-F5?W,TRUE,10/3/2013
-3996,P/J9;,TRUE,4/4/2013
-1506,1?62.,TRUE,6/4/2013
-372,8RI;T,TRUE,15/4/2013
-7561,TXL:Q,FALSE,5/5/2013
-6440,X:WZY,FALSE,22/5/2013
-7036,5F..D,TRUE,25/5/2013
-2769,8B78C,TRUE,27/5/2013
-5173,64LNZ,FALSE,2/6/2013
-5466,ZYDFK,TRUE,5/6/2013
264,AB>B4,TRUE,11/6/2013
-8811,2Z::H,TRUE,12/6/2013
-2097,CFIZH,TRUE,17/6/2013
211,8;67E,TRUE,28/6/2013
-9791,LHPSI,TRUE,3/7/2013
-4280,EIK9Y,FALSE,11/7/2013
-1758,0Z-K-,FALSE,16/7/2013
-4833,=6F12,TRUE,20/7/2013
-5498,MHD.G,FALSE,25/7/2013
-3722,2VL1U,FALSE,4/8/2013
-3616,E6@OC,FALSE,7/8/2013
-7440,:SB3@,FALSE,13/8/2013
172,TW.@R,FALSE,17/8/2013
-3266,.95WU,TRUE,18/8/2013
-3963,3Y.MX,FALSE,24/8/2013
-4829,C<L7Z,TRUE,25/8/2013
-3435,J421X,FALSE,2/9/2013
-8156,QP-1K,FALSE,3/9/2013
-7070,:/>5>,FALSE,4/9/2013
-3438,NAR4D,TRUE,12/9/2013
-6868,->XKN,TRUE,13/9/2013
-8971,-?>-N,TRUE,18/9/2013
-8620,JN-?6,FALSE,19/9/2013
-9300,00-1@,TRUE,2/10/2013
-695,.J2P;,TRUE,25/10/2013
-8524,/Q:YZ,TRUE,5/11/2013
-6236,?C65H,TRUE,21/11/2013
-9515,O/Q@T,TRUE,2/12/2013
-9557,NX0VI,FALSE,26/12/2013
-2560,6@V11,FALSE,2/1/2014
-8305,998QR,TRUE,4/1/2014
-9543,7EF9O,TRUE,5/1/2014
-7729,>2EZM,FALSE,6/1/2014
-1545,IU?XT,TRUE,8/1/2014
-660,AUA4P,FALSE,16/1/2014
-1230,>LR7E,FALSE,8/2/2014
-4119,K?OUO,TRUE,9/2/2014
-918,LFZ=4,TRUE,16/2/2014
-5331,5FPU0,FALSE,20/2/2014
-5808,DTZ?E,FALSE,20/2/2014
-814,TJV.A,TRUE,21/2/2014
-8780,SC2@6,TRUE,13/3/2014
-1690,TR>FU,FALSE,20/3/2014
-6844,<FE3N,FALSE,27/3/2014
-7893,4=>>@,TRUE,10/4/2014
-3422,HZA;1,TRUE,12/4/2014
-478,F2=A4,TRUE,19/4/2014
-8531,SE=:H,FALSE,22/4/2014
-4320,.@21:,FALSE,23/4/2014
-9710,KN4;Z,FALSE,3/5/2014
-4285,30U@C,FALSE,5/5/2014
-9113,P0/JL,FALSE,11/5/2014
-2454,FDR=R,TRUE,12/5/2014
178,ISY?H,TRUE,12/5/2014
-5918,B-D?.,FALSE,21/5/2014
-1909,4DFMQ,FALSE,27/5/2014
-1181,YY1V@,FALSE,27/5/2014
-7436,QLAUZ,TRUE,3/6/2014
-5215,N=HTS,FALSE,5/6/2014
-8790,KRENS,TRUE,7/6/2014
-4741,O-43@,TRUE,10/6/2014
-1027,NH6Y6,TRUE,13/6/2014
-2721,7@@H<,FALSE,24/6/2014
-9765,W>0LA,TRUE,26/6/2014
-4839,O4CVE,FALSE,10/7/2014
-9143,;/XAF,FALSE,19/7/2014
-1830,>MTGQ,FALSE,19/7/2014
-8901,>UYFJ,TRUE,5/8/2014
-9841,AQ:>X,TRUE,17/8/2014
-5005,RGORE,FALSE,28/8/2014
-4988,K2Q<R,TRUE,1/9/2014
-1272,T/3IR,TRUE,15/9/2014
-970,?T-N<,TRUE,16/9/2014
-570,DK?.2,TRUE,16/9/2014
-7923,P3B7S,FALSE,16/9/2014
-1083,M:PR1,TRUE,28/9/2014
-5504,KS9H=,TRUE,3/10/2014
-4723,1XDHR,TRUE,5/10/2014
-603,H<DFL,TRUE,6/10/2014
-2213,Y<@Z=,FALSE,10/10/2014
-7217,CNVNI,FALSE,13/10/2014
-4484,WV/W2,FALSE,15/10/2014
-8251,07MMF,TRUE,16/10/2014
-5121,DNDKH,FALSE,22/10/2014
-1273,DX1W9,TRUE,10/11/2014
-9774,ZDT-B,TRUE,15/11/2014
-5083,GP=W/,TRUE,19/11/2014
-939,R?<AO,TRUE,24/11/2014
-1065,IN9YD,TRUE,2/12/2014
-7764,Y.8UO,TRUE,4/12/2014
-2465,YRFKL,TRUE,10/12/2014
-9024,ICSMF,FALSE,15/12/2014
-5409,FL.33,FALSE,17/12/2014
-6014,YE90A,FALSE,17/12/2014
-7229,?LV?S,FALSE,19/12/2014
-4631,.B2R/,TRUE,26/12/2014
177,DXQRL,TRUE,27/12/2014
-8191,;FC?H,FALSE,5/1/2015
-315,AMO7<,FALSE,14/1/2015
-1734,RDCEX,FALSE,15/1/2015
-2818,DMIE.,TRUE,18/1/2015
-4144,DQQ/4,FALSE,23/1/2015
-6175,OT8NG,TRUE,26/1/2015
-6134,X/P;L,TRUE,28/1/2015
-5773,LSG.-,FALSE,8/2/2015
-9819,JUO>U,TRUE,12/2/2015
-6673,5:0R-,FALSE,15/2/2015
-3873,?XAX6,FALSE,25/2/2015
-9781,1ISM6,FALSE,7/3/2015
-7784,0IBRQ,FALSE,11/3/2015
-207,195JA,FALSE,18/3/2015
-5659,SSR21,TRUE,20/3/2015
-4372,MJMZE,TRUE,24/3/2015
-9880,LD2OQ,TRUE,27/3/2015
-7866,S8.KZ,FALSE,27/3/2015
-2997,374L0,FALSE,5/4/2015
-9865,KOF;6,TRUE,8/4/2015
-3429,QGDD.,FALSE,27/4/2015
-1230,@PZ=@,FALSE,3/5/2015
-35,2G?3>,TRUE,8/5/2015
-5065,DU8:D,TRUE,12/5/2015
-2006,C6K<>,FALSE,20/5/2015
-3261,MPUFU,FALSE,3/6/2015
-6907,2JEMJ,FALSE,12/7/2015
-7154,-5AIS,TRUE,28/7/2015
-4558,-P3ZZ,TRUE,3/8/2015
-6340,6Z7K@,TRUE,12/8/2015
-3666,:B>K.,FALSE,14/8/2015
-9163,XF;YR,FALSE,3/9/2015
-8562,.6WUU,FALSE,5/9/2015
-227,8.M3Y,TRUE,5/9/2015
-1713,YM@.;,TRUE,13/9/2015
-2965,HN;3=,TRUE,18/9/2015
-2426,BX-?N,TRUE,25/9/2015
-2478,I@O-5,FALSE,26/9/2015
-2697,>B09K,TRUE,27/9/2015
-5388,S7P68,FALSE,3/10/2015
-207,?:ETI,TRUE,5/10/2015
-574,4DW55,TRUE,9/10/2015
-550,ZIW:L,FALSE,10/10/2015
-2354,913QY,FALSE,16/10/2015
-2375,X22FF,FALSE,17/10/2015
-9786,U2L46,FALSE,20/10/2015
-7145,JQT9?,TRUE,6/11/2015
-1726,EA86.,FALSE,8/11/2015
-9624,>0/1@,FALSE,14/11/2015
-1174,N8@=W,FALSE,17/11/2015
-4230,D:Y:M,TRUE,1/12/2015
-627,C=I40,FALSE,4/12/2015
-8420,ZR7?C,TRUE,6/12/2015
-5462,D3S;N,TRUE,10/12/2015
-2243,3;90D,TRUE,21/12/2015
-2891,YKP>;,FALSE,4/1/2016
-7947,0@V<D,TRUE,4/2/2016
-9070,1F@X:,TRUE,10/2/2016
-9796,@OQSI,TRUE,13/2/2016
-7995,6L8OS,TRUE,1/3/2016
-1467,.;I5A,FALSE,12/3/2016
-8241,SF<>X,TRUE,17/3/2016
-5909,3YCX=,TRUE,18/3/2016
-1944,WDCKS,TRUE,18/3/2016
-5708,:JB74,TRUE,21/3/2016
-7068,GR?F-,FALSE,26/3/2016
-2717,.F=-<,TRUE,6/4/2016
-9409,7V4R9,TRUE,14/4/2016
-2382,0<J86,FALSE,16/4/2016
-3974,<NKLM,TRUE,16/4/2016
-2482,V<XZ?,TRUE,18/4/2016
-3589,<Q=<1,FALSE,20/4/2016
-249,F2736,TRUE,20/4/2016
-3367,8I3EN,FALSE,28/4/2016
-5693,D@5M6,TRUE,1/5/2016
-9414,DV4:W,TRUE,7/5/2016
-2951,XH5MH,FALSE,7/5/2016
-1471,ONY4C,FALSE,19/5/2016
-5908,G83?>,TRUE,25/5/2016
-3776,THRTB,TRUE,3/6/2016
-1790,1>O?<,TRUE,6/6/2016
-9567,DEY.2,FALSE,7/6/2016
-5872,H7DA/,FALSE,16/6/2016
-6898,VE<TQ,TRUE,16/6/2016
-7224,6WQTA,FALSE,17/6/2016
-3367,PVRA7,TRUE,21/6/2016
-3077,XRJXP,FALSE,4/7/2016
-2612,G=ZTG,FALSE,22/7/2016
-9881,5XUU2,TRUE,2/8/2016
-6683,CPU<K,TRUE,5/8/2016
-3054,PFZ0:,FALSE,6/8/2016
-7267,QU08X,TRUE,12/8/2016
-6736,9F?I:,FALSE,14/8/2016
-1668,6B<FK,FALSE,19/8/2016
-6125,-KL=A,FALSE,21/8/2016
-163,GDOQ?,TRUE,25/8/2016
-9061,689O5,FALSE,26/8/2016
-9236,HYP8G,TRUE,28/8/2016
-7528,OP/YF,FALSE,5/9/2016
-1062,8R?<X,FALSE,9/9/2016
-7856,Z0::R,TRUE,9/9/2016
-7383,UE5I-,FALSE,23/9/2016
-3413,<GP4:,FALSE,8/10/2016
-1723,D2AD-,TRUE,13/10/2016
-2103,5EFRA,FALSE,22/10/2016
-6255,AIGJ;,FALSE,22/10/2016
-8061,IVL=W,FALSE,25/10/2016
-8572,8=J9S,FALSE,11/11/2016
-3901,JC5@>,FALSE,13/11/2016
-3421,AD2:E,TRUE,18/11/2016
-4639,L24=J,FALSE,19/11/2016
-6606,T.<=W,TRUE,22/11/2016
-9139,BRQ.>,TRUE,28/11/2016
-4331,?NLKB,TRUE,8/12/2016
-1733,2QC28,TRUE,13/12/2016
-5273,0R9PA,FALSE,14/12/2016
-5458,?O3LH,FALSE,14/12/2016
-1933,0EJ2.,TRUE,24/12/2016
-1338,><6:A,FALSE,3/1/2017
-6201,P@.FZ,FALSE,4/1/2017
-3386,2YFD5,TRUE,8/1/2017
-8138,;VE7?,FALSE,10/1/2017
-6817,ZH-D9,TRUE,11/1/2017
-1063,A1D;-,FALSE,13/1/2017
-2088,FJ54G,TRUE,15/1/2017
-6049,GVN-=,TRUE,15/1/2017
-2482,<FV?B,FALSE,18/1/2017
-5203,OO=GP,FALSE,18/1/2017
-6946,3SOOR,FALSE,21/1/2017
-8351,2=WTV,FALSE,27/1/2017
-2674,0;1U5,FALSE,8/2/2017
-6622,:=HSD,FALSE,9/2/2017
-3771,XRC?I,FALSE,10/2/2017
-6268,J<KX:,TRUE,12/2/2017
-9968,8KAX2,FALSE,17/2/2017
-1824,E4P.D,FALSE,17/2/2017
-5108,307Y:,TRUE,6/3/2017
-3149,DBJY?,TRUE,12/3/2017
-1940,BC3LZ,TRUE,20/3/2017
-966,Q<;6;,FALSE,21/3/2017
-1127,ZSJ6T,TRUE,21/3/2017
-508,;5.;K,FALSE,22/3/2017
-1184,DQJ/7,FALSE,23/3/2017
-8761,6<RXB,FALSE,6/4/2017
-3265,1CTRX,TRUE,7/4/2017
-5678,LXE@9,FALSE,8/4/2017
-2768,N68YW,FALSE,8/4/2017
-314,9=XIN,FALSE,12/4/2017
-361,OZ=0H,FALSE,13/4/2017
-2746,1JH/E,TRUE,16/4/2017
-2989,;XE=E,TRUE,20/4/2017
-6815,XM3N2,FALSE,22/4/2017
-3096,?;XJ7,TRUE,9/5/2017
-4573,?Q?T0,FALSE,11/5/2017
-7174,8GT//,TRUE,15/5/2017
-7011,=IO/<,FALSE,17/5/2017
-596,O:K60,TRUE,17/5/2017
-3672,Q/.J2,TRUE,17/5/2017
-3267,ZO36G,TRUE,18/5/2017
-9546,/N/HV,FALSE,7/6/2017
-4008,B/1Q4,TRUE,11/6/2017
-7826,7TV=N,FALSE,13/6/2017
-9138,VLIT9,FALSE,15/6/2017
-9742,EQA9A,TRUE,21/6/2017
-3095,R.34E,FALSE,26/6/2017
-7719,F=3JA,TRUE,7/7/2017
-2226,HL?Y<,FALSE,12/7/2017
-3112,R/:O4,FALSE,25/7/2017
-9525,-ME0P,FALSE,2/8/2017
-6321,G.LI4,TRUE,5/8/2017
-7204,PISKJ,FALSE,5/8/2017
-7212,?WEXQ,TRUE,17/8/2017
-8979,44H71,TRUE,20/8/2017
-3513,LV4QU,TRUE,21/8/2017
-445,QA52J,TRUE,12/9/2017
-500,I5<IZ,FALSE,17/9/2017
-1486,TL7TO,FALSE,20/9/2017
-4435,0<U@Z,TRUE,25/9/2017
-8537,UC.NI,TRUE,25/9/2017
76,LO21<,FALSE,9/10/2017
-549,=L:IO,TRUE,18/10/2017
-1201,.S<BQ,TRUE,21/10/2017
-1507,7H2@8,TRUE,21/10/2017
-772,8VUR>,FALSE,24/10/2017
-2206,JE;?C,FALSE,28/10/2017
-9670,SNT2T,FALSE,10/11/2017
-1734,0AW41,FALSE,17/11/2017
-4139,@9TTA,TRUE,4/12/2017
-9827,:C<?D,FALSE,11/12/2017
-8276,W1TNB,TRUE,14/12/2017
-2786,.HQD5,FALSE,18/12/2017
-7146,P=R@Y,FALSE,23/12/2017
-7183,F>UM3,TRUE,28/12/2017
